Type,Name,Excercise,Link,workoutlabs.com/exercise-moves,,,,
Bug,Twineedle,1,<a href=https://www.workoutlabs.com/exercise-guide/standing-water-bottle-bicep-curls/>Twineedle</a><br/>,"CONCATENATE(F2,G2,H2,B2,I2)",<a href=https://,www.workoutlabs.com/exercise-guide/standing-water-bottle-bicep-curls/,>,</a><br/>
Bug,Pin Missile,2,<a href=https://www.workoutlabs.com/exercise-guide/standing-dummbell-hammer-curls/>Pin Missile</a><br/>,,<a href=https://,www.workoutlabs.com/exercise-guide/standing-dummbell-hammer-curls/,>,</a><br/>
Bug,String Shot,3,<a href=https://www.workoutlabs.com/exercise-guide/shadow-boxing/>String Shot</a><br/>,,<a href=https://,www.workoutlabs.com/exercise-guide/shadow-boxing/,>,</a><br/>
Bug,Leech Life,4,<a href=https://www.workoutlabs.com/exercise-guide/concentration-curls/>Leech Life</a><br/>,,<a href=https://,www.workoutlabs.com/exercise-guide/concentration-curls/,>,</a><br/>
Bug,Spider Web,5,<a href=https://www.workoutlabs.com/exercise-guide/seated-dumbbell-bicep-curls/>Spider Web</a><br/>,,<a href=https://,www.workoutlabs.com/exercise-guide/seated-dumbbell-bicep-curls/,>,</a><br/>
Bug,Fury Cutter,6,<a href=https://www.workoutlabs.com/exercise-guide/exercise-swiss-ball-bicep-curls/>Fury Cutter</a><br/>,,<a href=https://,www.workoutlabs.com/exercise-guide/exercise-swiss-ball-bicep-curls/,>,</a><br/>
Bug,Megahorn,7,<a href=https://www.workoutlabs.com/exercise-guide/dumbbell-biceps-curl-to-shoulder-press/>Megahorn</a><br/>,,<a href=https://,www.workoutlabs.com/exercise-guide/dumbbell-biceps-curl-to-shoulder-press/,>,</a><br/>
Bug,Tail Glow,8,<a href=https://www.workoutlabs.com/exercise-guide/bosu-ball-burpees/>Tail Glow</a><br/>,,<a href=https://,www.workoutlabs.com/exercise-guide/bosu-ball-burpees/,>,</a><br/>
Bug,Silver Wind,9,<a href=https://www.workoutlabs.com/exercise-guide/barbell-curls/>Silver Wind</a><br/>,,<a href=https://,www.workoutlabs.com/exercise-guide/barbell-curls/,>,</a><br/>
Bug,Signal Beam,10,x,,<a href=https://,www.google.com,>,</a><br/>
Bug,U-turn,11,x,,<a href=https://,www.google.com,>,</a><br/>
Bug,X-Scissor,12,x,,<a href=https://,www.google.com,>,</a><br/>
Bug,Bug Buzz,13,x,,<a href=https://,www.google.com,>,</a><br/>
Bug,Bug Bite,14,x,,<a href=https://,www.google.com,>,</a><br/>
Bug,Attack Order,15,x,,<a href=https://,www.google.com,>,</a><br/>
Bug,Defend Order,16,x,,<a href=https://,www.google.com,>,</a><br/>
Bug,Heal Order,17,x,,<a href=https://,www.google.com,>,</a><br/>
Bug,Rage Powder,18,x,,<a href=https://,www.google.com,>,</a><br/>
Bug,Quiver Dance,19,x,,<a href=https://,www.google.com,>,</a><br/>
Bug,Struggle Bug,20,x,,<a href=https://,www.google.com,>,</a><br/>
Bug,Steamroller,21,x,,<a href=https://,www.google.com,>,</a><br/>
Bug,Sticky Web,22,x,,<a href=https://,www.google.com,>,</a><br/>
Bug,Fell Stinger,23,x,,<a href=https://,www.google.com,>,</a><br/>
Bug,Powder,24,x,,<a href=https://,www.google.com,>,</a><br/>
Bug,Infestation,25,x,,<a href=https://,www.google.com,>,</a><br/>
Bug,Savage Spin-Out,26,x,,<a href=https://,www.google.com,>,</a><br/>
Bug,First Impression,27,x,,<a href=https://,www.google.com,>,</a><br/>
Bug,Pollen Puff,28,x,,<a href=https://,www.google.com,>,</a><br/>
Bug,Lunge,29,x,,<a href=https://,www.google.com,>,</a><br/>
Dark,Bite,30,<a href=https://www.workoutlabs.com/exercise-guide/fire-hydrants/>Bite</a><br/>,,<a href=https://,www.workoutlabs.com/exercise-guide/fire-hydrants/,>,</a><br/>
Dark,Thief,31,<a href=https://www.workoutlabs.com/exercise-guide/donkey-kicks/>Thief</a><br/>,,<a href=https://,www.workoutlabs.com/exercise-guide/donkey-kicks/,>,</a><br/>
Dark,Feint Attack,32,<a href=https://www.workoutlabs.com/exercise-guide/crab-walks/>Feint Attack</a><br/>,,<a href=https://,www.workoutlabs.com/exercise-guide/crab-walks/,>,</a><br/>
Dark,Pursuit,33,<a href=https://www.workoutlabs.com/exercise-guide/crab-toe-touches/>Pursuit</a><br/>,,<a href=https://,www.workoutlabs.com/exercise-guide/crab-toe-touches/,>,</a><br/>
Dark,Crunch,34,<a href=https://www.workoutlabs.com/exercise-guide/contralateral-limb-raises/>Crunch</a><br/>,,<a href=https://,www.workoutlabs.com/exercise-guide/contralateral-limb-raises/,>,</a><br/>
Dark,Beat Up,35,<a href=https://www.workoutlabs.com/exercise-guide/chair-squats/>Beat Up</a><br/>,,<a href=https://,www.workoutlabs.com/exercise-guide/chair-squats/,>,</a><br/>
Dark,Torment,36,<a href=https://www.workoutlabs.com/exercise-guide/butt-kicks/>Torment</a><br/>,,<a href=https://,www.workoutlabs.com/exercise-guide/butt-kicks/,>,</a><br/>
Dark,Flatter,37,<a href=https://www.workoutlabs.com/exercise-guide/burpees/>Flatter</a><br/>,,<a href=https://,www.workoutlabs.com/exercise-guide/burpees/,>,</a><br/>
Dark,Memento,38,<a href=https://www.workoutlabs.com/exercise-guide/bodyweight-walking-lunges/>Memento</a><br/>,,<a href=https://,www.workoutlabs.com/exercise-guide/bodyweight-walking-lunges/,>,</a><br/>
Dark,Taunt,39,<a href=https://www.workoutlabs.com/exercise-guide/bodyweight-squats/>Taunt</a><br/>,,<a href=https://,www.workoutlabs.com/exercise-guide/bodyweight-squats/,>,</a><br/>
Dark,Knock Off,40,<a href=https://www.workoutlabs.com/exercise-guide/bodyweight-side-steps-lateral-lunges/>Knock Off</a><br/>,,<a href=https://,www.workoutlabs.com/exercise-guide/bodyweight-side-steps-lateral-lunges/,>,</a><br/>
Dark,Snatch,41,<a href=https://www.workoutlabs.com/exercise-guide/body-weight-sumo-wide-stance-squats/>Snatch</a><br/>,,<a href=https://,www.workoutlabs.com/exercise-guide/body-weight-sumo-wide-stance-squats/,>,</a><br/>
Dark,Fake Tears,42,<a href=https://www.workoutlabs.com/exercise-guide/alternating-curtsy-lunge/>Fake Tears</a><br/>,,<a href=https://,www.workoutlabs.com/exercise-guide/alternating-curtsy-lunge/,>,</a><br/>
Dark,Payback,43,<a href=https://www.workoutlabs.com/exercise-guide/alternating-bodyweight-lunges/>Payback</a><br/>,,<a href=https://,www.workoutlabs.com/exercise-guide/alternating-bodyweight-lunges/,>,</a><br/>
Dark,Assurance,44,<a href=https://www.workoutlabs.com/exercise-guide/air-squats/>Assurance</a><br/>,,<a href=https://,www.workoutlabs.com/exercise-guide/air-squats/,>,</a><br/>
Dark,Embargo,45,<a href=https://www.workoutlabs.com/exercise-guide/180-twisting-jump-squats/>Embargo</a><br/>,,<a href=https://,www.workoutlabs.com/exercise-guide/180-twisting-jump-squats/,>,</a><br/>
Dark,Fling,46,x,,<a href=https://,www.google.com,>,</a><br/>
Dark,Punishment,47,x,,<a href=https://,www.google.com,>,</a><br/>
Dark,Sucker Punch,48,x,,<a href=https://,www.google.com,>,</a><br/>
Dark,Dark Pulse,49,x,,<a href=https://,www.google.com,>,</a><br/>
Dark,Night Slash,50,x,,<a href=https://,www.google.com,>,</a><br/>
Dark,Switcheroo,51,x,,<a href=https://,www.google.com,>,</a><br/>
Dark,Nasty Plot,52,x,,<a href=https://,www.google.com,>,</a><br/>
Dark,Dark Void,53,x,,<a href=https://,www.google.com,>,</a><br/>
Dark,Hone Claws,54,x,,<a href=https://,www.google.com,>,</a><br/>
Dark,Foul Play,55,x,,<a href=https://,www.google.com,>,</a><br/>
Dark,Quash,56,x,,<a href=https://,www.google.com,>,</a><br/>
Dark,Night Daze,57,x,,<a href=https://,www.google.com,>,</a><br/>
Dark,Snarl,58,x,,<a href=https://,www.google.com,>,</a><br/>
Dark,Parting Shot,59,x,,<a href=https://,www.google.com,>,</a><br/>
Dark,Topsy-Turvy,60,x,,<a href=https://,www.google.com,>,</a><br/>
Dark,Hyperspace Fury,61,x,,<a href=https://,www.google.com,>,</a><br/>
Dark,Black Hole Eclipse,62,x,,<a href=https://,www.google.com,>,</a><br/>
Dark,Darkest Lariat,63,x,,<a href=https://,www.google.com,>,</a><br/>
Dark,Throat Chop,64,x,,<a href=https://,www.google.com,>,</a><br/>
Dark,Power Trip,65,x,,<a href=https://,www.google.com,>,</a><br/>
Dark,Brutal Swing,66,x,,<a href=https://,www.google.com,>,</a><br/>
Dark,Malicious Moonsault,67,x,,<a href=https://,www.google.com,>,</a><br/>
Dark,Baddy Bad,68,x,,<a href=https://,www.google.com,>,</a><br/>
Dragon,Dragon Rage,69,x,,<a href=https://,www.workoutlabs.com/exercise-guide/standing-water-bottle-bicep-curls/,>,</a><br/>
Dragon,Outrage,70,x,,<a href=https://,www.workoutlabs.com/exercise-guide/shadow-boxing/,>,</a><br/>
Dragon,Dragon Breath,71,x,,<a href=https://,www.workoutlabs.com/exercise-guide/seated-dumbbell-bicep-curls/,>,</a><br/>
Dragon,Twister,72,x,,<a href=https://,www.workoutlabs.com/exercise-guide/dumbbell-biceps-curl-to-shoulder-press/,>,</a><br/>
Dragon,Dragon Claw,73,x,,<a href=https://,www.workoutlabs.com/exercise-guide/barbell-curls/,>,</a><br/>
Dragon,Dragon Dance,74,x,,<a href=https://,www.workoutlabs.com/exercise-guide/donkey-kicks/,>,</a><br/>
Dragon,Dragon Pulse,75,x,,<a href=https://,www.workoutlabs.com/exercise-guide/crab-toe-touches/,>,</a><br/>
Dragon,Dragon Rush,76,x,,<a href=https://,www.workoutlabs.com/exercise-guide/chair-squats/,>,</a><br/>
Dragon,Draco Meteor,77,x,,<a href=https://,www.workoutlabs.com/exercise-guide/burpees/,>,</a><br/>
Dragon,Roar of Time,78,x,,<a href=https://,www.workoutlabs.com/exercise-guide/bodyweight-squats/,>,</a><br/>
Dragon,Spacial Rend,79,x,,<a href=https://,www.workoutlabs.com/exercise-guide/body-weight-sumo-wide-stance-squats/,>,</a><br/>
Dragon,Dragon Tail,80,x,,<a href=https://,www.workoutlabs.com/exercise-guide/alternating-bodyweight-lunges/,>,</a><br/>
Dragon,Dual Chop,81,x,,<a href=https://,www.workoutlabs.com/exercise-guide/180-twisting-jump-squats/,>,</a><br/>
Dragon,Devastating Drake,82,x,,<a href=https://,www.workoutlabs.com/exercise-guide/scorpion/,>,</a><br/>
Dragon,Core Enforcer,83,x,,<a href=https://,www.workoutlabs.com/exercise-guide/floor-t-raises-back-flyes/,>,</a><br/>
Dragon,Clanging Scales,84,x,,<a href=https://,www.workoutlabs.com/exercise-guide/plank/,>,</a><br/>
Dragon,Dragon Hammer,85,x,,<a href=https://,www.workoutlabs.com/exercise-guide/modified-side-planks/,>,</a><br/>
Dragon,Clangorous Soulblaze,86,x,,<a href=https://,www.workoutlabs.com/exercise-guide/leg-pull-in-knee-ups/,>,</a><br/>
Electric,Thunder Punch,87,x,,<a href=https://,www.workoutlabs.com/exercise-guide/fire-hydrants/,>,</a><br/>
Electric,Thunder Shock,88,x,,<a href=https://,www.workoutlabs.com/exercise-guide/donkey-kicks/,>,</a><br/>
Electric,Thunderbolt,89,x,,<a href=https://,www.workoutlabs.com/exercise-guide/crab-walks/,>,</a><br/>
Electric,Thunder Wave,90,x,,<a href=https://,www.workoutlabs.com/exercise-guide/crab-toe-touches/,>,</a><br/>
Electric,Thunder,91,x,,<a href=https://,www.workoutlabs.com/exercise-guide/contralateral-limb-raises/,>,</a><br/>
Electric,Zap Cannon,92,x,,<a href=https://,www.workoutlabs.com/exercise-guide/chair-squats/,>,</a><br/>
Electric,Spark,93,x,,<a href=https://,www.workoutlabs.com/exercise-guide/butt-kicks/,>,</a><br/>
Electric,Charge,94,x,,<a href=https://,www.workoutlabs.com/exercise-guide/burpees/,>,</a><br/>
Electric,Volt Tackle,95,x,,<a href=https://,www.workoutlabs.com/exercise-guide/bodyweight-walking-lunges/,>,</a><br/>
Electric,Shock Wave,96,x,,<a href=https://,www.workoutlabs.com/exercise-guide/bodyweight-squats/,>,</a><br/>
Electric,Magnet Rise,97,x,,<a href=https://,www.workoutlabs.com/exercise-guide/bodyweight-side-steps-lateral-lunges/,>,</a><br/>
Electric,Thunder Fang,98,x,,<a href=https://,www.workoutlabs.com/exercise-guide/body-weight-sumo-wide-stance-squats/,>,</a><br/>
Electric,Discharge,99,x,,<a href=https://,www.workoutlabs.com/exercise-guide/alternating-curtsy-lunge/,>,</a><br/>
Electric,Charge Beam,100,x,,<a href=https://,www.workoutlabs.com/exercise-guide/alternating-bodyweight-lunges/,>,</a><br/>
Electric,Electro Ball,101,x,,<a href=https://,www.workoutlabs.com/exercise-guide/air-squats/,>,</a><br/>
Electric,Volt Switch,102,x,,<a href=https://,www.workoutlabs.com/exercise-guide/180-twisting-jump-squats/,>,</a><br/>
Electric,Electroweb,103,x,,<a href=https://,www.google.com,>,</a><br/>
Electric,Wild Charge,104,x,,<a href=https://,www.google.com,>,</a><br/>
Electric,Bolt Strike,105,x,,<a href=https://,www.google.com,>,</a><br/>
Electric,Fusion Bolt,106,x,,<a href=https://,www.google.com,>,</a><br/>
Electric,Ion Deluge,107,x,,<a href=https://,www.google.com,>,</a><br/>
Electric,Parabolic Charge,108,x,,<a href=https://,www.google.com,>,</a><br/>
Electric,Electrify,109,x,,<a href=https://,www.google.com,>,</a><br/>
Electric,Eerie Impulse,110,x,,<a href=https://,www.google.com,>,</a><br/>
Electric,Magnetic Flux,111,x,,<a href=https://,www.google.com,>,</a><br/>
Electric,Electric Terrain,112,x,,<a href=https://,www.google.com,>,</a><br/>
Electric,Nuzzle,113,x,,<a href=https://,www.google.com,>,</a><br/>
Electric,Gigavolt Havoc,114,x,,<a href=https://,www.google.com,>,</a><br/>
Electric,Catastropika,115,x,,<a href=https://,www.google.com,>,</a><br/>
Electric,Stoked Sparksurfer,116,x,,<a href=https://,www.google.com,>,</a><br/>
Electric,Zing Zap,117,x,,<a href=https://,www.google.com,>,</a><br/>
Electric,10000000 Volt Thunderbolt,118,x,,<a href=https://,www.google.com,>,</a><br/>
Electric,Plasma Fists,119,x,,<a href=https://,www.google.com,>,</a><br/>
Electric,Zippy Zap,120,x,,<a href=https://,www.google.com,>,</a><br/>
Electric,Pika Papow,121,x,,<a href=https://,www.google.com,>,</a><br/>
Electric,Buzzy Buzz,122,x,,<a href=https://,www.google.com,>,</a><br/>
Fairy,Sweet Kiss,123,<a href=https://www.workoutlabs.com/exercise-guide/standing-water-bottle-bicep-curls/>Sweet Kiss</a><br/>,,<a href=https://,www.workoutlabs.com/exercise-guide/standing-water-bottle-bicep-curls/,>,</a><br/>
Fairy,Charm,124,<a href=https://www.workoutlabs.com/exercise-guide/shadow-boxing/>Charm</a><br/>,,<a href=https://,www.workoutlabs.com/exercise-guide/shadow-boxing/,>,</a><br/>
Fairy,Moonlight,125,<a href=https://www.workoutlabs.com/exercise-guide/seated-dumbbell-bicep-curls/>Moonlight</a><br/>,,<a href=https://,www.workoutlabs.com/exercise-guide/seated-dumbbell-bicep-curls/,>,</a><br/>
Fairy,Disarming Voice,126,<a href=https://www.workoutlabs.com/exercise-guide/dumbbell-biceps-curl-to-shoulder-press/>Disarming Voice</a><br/>,,<a href=https://,www.workoutlabs.com/exercise-guide/dumbbell-biceps-curl-to-shoulder-press/,>,</a><br/>
Fairy,Draining Kiss,127,<a href=https://www.workoutlabs.com/exercise-guide/barbell-curls/>Draining Kiss</a><br/>,,<a href=https://,www.workoutlabs.com/exercise-guide/barbell-curls/,>,</a><br/>
Fairy,Crafty Shield,128,<a href=https://www.workoutlabs.com/exercise-guide/donkey-kicks/>Crafty Shield</a><br/>,,<a href=https://,www.workoutlabs.com/exercise-guide/donkey-kicks/,>,</a><br/>
Fairy,Flower Shield,129,<a href=https://www.workoutlabs.com/exercise-guide/crab-toe-touches/>Flower Shield</a><br/>,,<a href=https://,www.workoutlabs.com/exercise-guide/crab-toe-touches/,>,</a><br/>
Fairy,Misty Terrain,130,<a href=https://www.workoutlabs.com/exercise-guide/chair-squats/>Misty Terrain</a><br/>,,<a href=https://,www.workoutlabs.com/exercise-guide/chair-squats/,>,</a><br/>
Fairy,Play Rough,131,<a href=https://www.workoutlabs.com/exercise-guide/burpees/>Play Rough</a><br/>,,<a href=https://,www.workoutlabs.com/exercise-guide/burpees/,>,</a><br/>
Fairy,Fairy Wind,132,<a href=https://www.workoutlabs.com/exercise-guide/bodyweight-squats/>Fairy Wind</a><br/>,,<a href=https://,www.workoutlabs.com/exercise-guide/bodyweight-squats/,>,</a><br/>
Fairy,Moonblast,133,<a href=https://www.workoutlabs.com/exercise-guide/body-weight-sumo-wide-stance-squats/>Moonblast</a><br/>,,<a href=https://,www.workoutlabs.com/exercise-guide/body-weight-sumo-wide-stance-squats/,>,</a><br/>
Fairy,Fairy Lock,134,<a href=https://www.workoutlabs.com/exercise-guide/alternating-bodyweight-lunges/>Fairy Lock</a><br/>,,<a href=https://,www.workoutlabs.com/exercise-guide/alternating-bodyweight-lunges/,>,</a><br/>
Fairy,Aromatic Mist,135,<a href=https://www.workoutlabs.com/exercise-guide/180-twisting-jump-squats/>Aromatic Mist</a><br/>,,<a href=https://,www.workoutlabs.com/exercise-guide/180-twisting-jump-squats/,>,</a><br/>
Fairy,Geomancy,136,<a href=https://www.workoutlabs.com/exercise-guide/scorpion/>Geomancy</a><br/>,,<a href=https://,www.workoutlabs.com/exercise-guide/scorpion/,>,</a><br/>
Fairy,Dazzling Gleam,137,<a href=https://www.workoutlabs.com/exercise-guide/floor-t-raises-back-flyes/>Dazzling Gleam</a><br/>,,<a href=https://,www.workoutlabs.com/exercise-guide/floor-t-raises-back-flyes/,>,</a><br/>
Fairy,Baby-Doll Eyes,138,<a href=https://www.workoutlabs.com/exercise-guide/plank/>Baby-Doll Eyes</a><br/>,,<a href=https://,www.workoutlabs.com/exercise-guide/plank/,>,</a><br/>
Fairy,Light of Ruin,139,<a href=https://www.workoutlabs.com/exercise-guide/modified-side-planks/>Light of Ruin</a><br/>,,<a href=https://,www.workoutlabs.com/exercise-guide/modified-side-planks/,>,</a><br/>
Fairy,Twinkle Tackle,140,<a href=https://www.workoutlabs.com/exercise-guide/leg-pull-in-knee-ups/>Twinkle Tackle</a><br/>,,<a href=https://,www.workoutlabs.com/exercise-guide/leg-pull-in-knee-ups/,>,</a><br/>
Fairy,Floral Healing,141,<a href=https://www.workoutlabs.com/exercise-guide/modified-side-planks/>Floral Healing</a><br/>,,<a href=https://,www.workoutlabs.com/exercise-guide/modified-side-planks/,>,</a><br/>
Fairy,Guardian of Alola,142,<a href=https://www.workoutlabs.com/exercise-guide/leg-pull-in-knee-ups/>Guardian of Alola</a><br/>,,<a href=https://,www.workoutlabs.com/exercise-guide/leg-pull-in-knee-ups/,>,</a><br/>
Fairy,Fleur Cannon,143,<a href=https://www.workoutlabs.com/exercise-guide/jackknife-sit-up-crunch-toe-touches/>Fleur Cannon</a><br/>,,<a href=https://,www.workoutlabs.com/exercise-guide/jackknife-sit-up-crunch-toe-touches/,>,</a><br/>
Fairy,Nature's Madness,144,<a href=https://www.workoutlabs.com/exercise-guide/hindu-judo-push-up-dive-bombers/>Nature's Madness</a><br/>,,<a href=https://,www.workoutlabs.com/exercise-guide/hindu-judo-push-up-dive-bombers/,>,</a><br/>
Fairy,Let's Snuggle Forever,145,<a href=https://www.workoutlabs.com/exercise-guide/double-side-jackknifes/>Let's Snuggle Forever</a><br/>,,<a href=https://,www.workoutlabs.com/exercise-guide/double-side-jackknifes/,>,</a><br/>
Fairy,Sparkly Swirl,146,<a href=https://www.workoutlabs.com/exercise-guide/dead-bug/>Sparkly Swirl</a><br/>,,<a href=https://,www.workoutlabs.com/exercise-guide/dead-bug/,>,</a><br/>
Fighting,Karate Chop,147,<a href=https://www.workoutlabs.com/exercise-guide/supermans/>Karate Chop</a><br/>,,<a href=https://,www.workoutlabs.com/exercise-guide/supermans/,>,</a><br/>
Fighting,Double Kick,148,<a href=https://www.workoutlabs.com/exercise-guide/scorpion/>Double Kick</a><br/>,,<a href=https://,www.workoutlabs.com/exercise-guide/scorpion/,>,</a><br/>
Fighting,Jump Kick,149,<a href=https://www.workoutlabs.com/exercise-guide/inchworm-walkouts/>Jump Kick</a><br/>,,<a href=https://,www.workoutlabs.com/exercise-guide/inchworm-walkouts/,>,</a><br/>
Fighting,Rolling Kick,150,<a href=https://www.workoutlabs.com/exercise-guide/floor-t-raises-back-flyes/>Rolling Kick</a><br/>,,<a href=https://,www.workoutlabs.com/exercise-guide/floor-t-raises-back-flyes/,>,</a><br/>
Fighting,Submission,151,<a href=https://www.workoutlabs.com/exercise-guide/crab-toe-touches/>Submission</a><br/>,,<a href=https://,www.workoutlabs.com/exercise-guide/crab-toe-touches/,>,</a><br/>
Fighting,Low Kick,152,<a href=https://www.workoutlabs.com/exercise-guide/contralateral-limb-raises/>Low Kick</a><br/>,,<a href=https://,www.workoutlabs.com/exercise-guide/contralateral-limb-raises/,>,</a><br/>
Fighting,Counter,153,<a href=https://www.workoutlabs.com/exercise-guide/bird-dogs/>Counter</a><br/>,,<a href=https://,www.workoutlabs.com/exercise-guide/bird-dogs/,>,</a><br/>
Fighting,Seismic Toss,154,x,,<a href=https://,www.google.com,>,</a><br/>
Fighting,High Jump Kick,155,x,,<a href=https://,www.google.com,>,</a><br/>
Fighting,Triple Kick,156,x,,<a href=https://,www.google.com,>,</a><br/>
Fighting,Reversal,157,x,,<a href=https://,www.google.com,>,</a><br/>
Fighting,Mach Punch,158,x,,<a href=https://,www.google.com,>,</a><br/>
Fighting,Detect,159,x,,<a href=https://,www.google.com,>,</a><br/>
Fighting,Dynamic Punch,160,x,,<a href=https://,www.google.com,>,</a><br/>
Fighting,Vital Throw,161,x,,<a href=https://,www.google.com,>,</a><br/>
Fighting,Cross Chop,162,x,,<a href=https://,www.google.com,>,</a><br/>
Fighting,Rock Smash,163,x,,<a href=https://,www.google.com,>,</a><br/>
Fighting,Focus Punch,164,x,,<a href=https://,www.google.com,>,</a><br/>
Fighting,Superpower,165,x,,<a href=https://,www.google.com,>,</a><br/>
Fighting,Revenge,166,x,,<a href=https://,www.google.com,>,</a><br/>
Fighting,Brick Break,167,x,,<a href=https://,www.google.com,>,</a><br/>
Fighting,Arm Thrust,168,x,,<a href=https://,www.google.com,>,</a><br/>
Fighting,Sky Uppercut,169,x,,<a href=https://,www.google.com,>,</a><br/>
Fighting,Bulk Up,170,x,,<a href=https://,www.google.com,>,</a><br/>
Fighting,Wake-Up Slap,171,x,,<a href=https://,www.google.com,>,</a><br/>
Fighting,Hammer Arm,172,x,,<a href=https://,www.google.com,>,</a><br/>
Fighting,Close Combat,173,x,,<a href=https://,www.google.com,>,</a><br/>
Fighting,Force Palm,174,x,,<a href=https://,www.google.com,>,</a><br/>
Fighting,Aura Sphere,175,x,,<a href=https://,www.google.com,>,</a><br/>
Fighting,Drain Punch,176,x,,<a href=https://,www.google.com,>,</a><br/>
Fighting,Vacuum Wave,177,x,,<a href=https://,www.google.com,>,</a><br/>
Fighting,Focus Blast,178,x,,<a href=https://,www.google.com,>,</a><br/>
Fighting,Storm Throw,179,x,,<a href=https://,www.google.com,>,</a><br/>
Fighting,Low Sweep,180,x,,<a href=https://,www.google.com,>,</a><br/>
Fighting,Quick Guard,181,x,,<a href=https://,www.google.com,>,</a><br/>
Fighting,Circle Throw,182,x,,<a href=https://,www.google.com,>,</a><br/>
Fighting,Final Gambit,183,x,,<a href=https://,www.google.com,>,</a><br/>
Fighting,Sacred Sword,184,x,,<a href=https://,www.google.com,>,</a><br/>
Fighting,Secret Sword,185,x,,<a href=https://,www.google.com,>,</a><br/>
Fighting,Flying Press,186,x,,<a href=https://,www.google.com,>,</a><br/>
Fighting,Mat Block,187,x,,<a href=https://,www.google.com,>,</a><br/>
Fighting,Power-Up Punch,188,x,,<a href=https://,www.google.com,>,</a><br/>
Fighting,All-Out Pummeling,189,x,,<a href=https://,www.google.com,>,</a><br/>
Fire,Fire Punch,190,<a href=https://www.workoutlabs.com/exercise-guide/plank/>Fire Punch</a><br/>,,<a href=https://,www.workoutlabs.com/exercise-guide/plank/,>,</a><br/>
Fire,Ember,191,<a href=https://www.workoutlabs.com/exercise-guide/mountain-climbers/>Ember</a><br/>,,<a href=https://,www.workoutlabs.com/exercise-guide/mountain-climbers/,>,</a><br/>
Fire,Flamethrower,192,<a href=https://www.workoutlabs.com/exercise-guide/modified-side-planks/>Flamethrower</a><br/>,,<a href=https://,www.workoutlabs.com/exercise-guide/modified-side-planks/,>,</a><br/>
Fire,Fire Spin,193,<a href=https://www.workoutlabs.com/exercise-guide/lying-leg-raises/>Fire Spin</a><br/>,,<a href=https://,www.workoutlabs.com/exercise-guide/lying-leg-raises/,>,</a><br/>
Fire,Fire Blast,194,<a href=https://www.workoutlabs.com/exercise-guide/leg-pull-in-knee-ups/>Fire Blast</a><br/>,,<a href=https://,www.workoutlabs.com/exercise-guide/leg-pull-in-knee-ups/,>,</a><br/>
Fire,Flame Wheel,195,<a href=https://www.workoutlabs.com/exercise-guide/knee-plank/>Flame Wheel</a><br/>,,<a href=https://,www.workoutlabs.com/exercise-guide/knee-plank/,>,</a><br/>
Fire,Sacred Fire,196,<a href=https://www.workoutlabs.com/exercise-guide/jackknife-sit-up-crunch-toe-touches/>Sacred Fire</a><br/>,,<a href=https://,www.workoutlabs.com/exercise-guide/jackknife-sit-up-crunch-toe-touches/,>,</a><br/>
Fire,Sunny Day,197,<a href=https://www.workoutlabs.com/exercise-guide/inchworm-walkouts/>Sunny Day</a><br/>,,<a href=https://,www.workoutlabs.com/exercise-guide/inchworm-walkouts/,>,</a><br/>
Fire,Heat Wave,198,<a href=https://www.workoutlabs.com/exercise-guide/hollow-body-rock-hold/>Heat Wave</a><br/>,,<a href=https://,www.workoutlabs.com/exercise-guide/hollow-body-rock-hold/,>,</a><br/>
Fire,Will-O-Wisp,199,<a href=https://www.workoutlabs.com/exercise-guide/hindu-judo-push-up-dive-bombers/>Will-O-Wisp</a><br/>,,<a href=https://,www.workoutlabs.com/exercise-guide/hindu-judo-push-up-dive-bombers/,>,</a><br/>
Fire,Eruption,200,<a href=https://www.workoutlabs.com/exercise-guide/flutter-kicks-2/>Eruption</a><br/>,,<a href=https://,www.workoutlabs.com/exercise-guide/flutter-kicks-2/,>,</a><br/>
Fire,Blaze Kick,201,<a href=https://www.workoutlabs.com/exercise-guide/double-side-jackknifes/>Blaze Kick</a><br/>,,<a href=https://,www.workoutlabs.com/exercise-guide/double-side-jackknifes/,>,</a><br/>
Fire,Blast Burn,202,<a href=https://www.workoutlabs.com/exercise-guide/double-crunches/>Blast Burn</a><br/>,,<a href=https://,www.workoutlabs.com/exercise-guide/double-crunches/,>,</a><br/>
Fire,Overheat,203,<a href=https://www.workoutlabs.com/exercise-guide/dead-bug/>Overheat</a><br/>,,<a href=https://,www.workoutlabs.com/exercise-guide/dead-bug/,>,</a><br/>
Fire,Flare Blitz,204,<a href=https://www.workoutlabs.com/exercise-guide/crunches/>Flare Blitz</a><br/>,,<a href=https://,www.workoutlabs.com/exercise-guide/crunches/,>,</a><br/>
Fire,Fire Fang,205,<a href=https://www.workoutlabs.com/exercise-guide/cross-body-mountain-climbers/>Fire Fang</a><br/>,,<a href=https://,www.workoutlabs.com/exercise-guide/cross-body-mountain-climbers/,>,</a><br/>
Fire,Lava Plume,206,<a href=https://www.workoutlabs.com/exercise-guide/bird-dogs/>Lava Plume</a><br/>,,<a href=https://,www.workoutlabs.com/exercise-guide/bird-dogs/,>,</a><br/>
Fire,Magma Storm,207,<a href=https://www.workoutlabs.com/exercise-guide/bicycle-crunches-air-bikes/>Magma Storm</a><br/>,,<a href=https://,www.workoutlabs.com/exercise-guide/bicycle-crunches-air-bikes/,>,</a><br/>
Fire,Flame Burst,208,<a href=https://www.workoutlabs.com/exercise-guide/bear-crawls/>Flame Burst</a><br/>,,<a href=https://,www.workoutlabs.com/exercise-guide/bear-crawls/,>,</a><br/>
Fire,Flame Charge,209,<a href=https://www.workoutlabs.com/exercise-guide/alternate-heel-touchers/>Flame Charge</a><br/>,,<a href=https://,www.workoutlabs.com/exercise-guide/alternate-heel-touchers/,>,</a><br/>
Fire,Incinerate,210,x,,<a href=https://,www.google.com,>,</a><br/>
Fire,Inferno,211,x,,<a href=https://,www.google.com,>,</a><br/>
Fire,Fire Pledge,212,x,,<a href=https://,www.google.com,>,</a><br/>
Fire,Heat Crash,213,x,,<a href=https://,www.google.com,>,</a><br/>
Fire,Searing Shot,214,x,,<a href=https://,www.google.com,>,</a><br/>
Fire,Blue Flare,215,x,,<a href=https://,www.google.com,>,</a><br/>
Fire,Fiery Dance,216,x,,<a href=https://,www.google.com,>,</a><br/>
Fire,V-create,217,x,,<a href=https://,www.google.com,>,</a><br/>
Fire,Fusion Flare,218,x,,<a href=https://,www.google.com,>,</a><br/>
Fire,Mystical Fire,219,x,,<a href=https://,www.google.com,>,</a><br/>
Fire,Inferno Overdrive,220,x,,<a href=https://,www.google.com,>,</a><br/>
Fire,Fire Lash,221,x,,<a href=https://,www.google.com,>,</a><br/>
Fire,Burn Up,222,x,,<a href=https://,www.google.com,>,</a><br/>
Fire,Shell Trap,223,x,,<a href=https://,www.google.com,>,</a><br/>
Fire,Mind Blown,224,x,,<a href=https://,www.google.com,>,</a><br/>
Fire,Sizzly Slide,225,x,,<a href=https://,www.google.com,>,</a><br/>
Flying,Gust,226,<a href=https://www.workoutlabs.com/exercise-guide/cardio-road-bike-cycling-riding/>Gust</a><br/>,,<a href=https://,www.workoutlabs.com/exercise-guide/cardio-road-bike-cycling-riding/,>,</a><br/>
Flying,Wing Attack,227,<a href=https://www.workoutlabs.com/exercise-guide/cardio-swimming/>Wing Attack</a><br/>,,<a href=https://,www.workoutlabs.com/exercise-guide/cardio-swimming/,>,</a><br/>
Flying,Fly,228,<a href=https://www.workoutlabs.com/exercise-guide/cadio-sprints/>Fly</a><br/>,,<a href=https://,www.workoutlabs.com/exercise-guide/cadio-sprints/,>,</a><br/>
Flying,Peck,229,<a href=https://www.workoutlabs.com/exercise-guide/running-jogging-treadmill/>Peck</a><br/>,,<a href=https://,www.workoutlabs.com/exercise-guide/running-jogging-treadmill/,>,</a><br/>
Flying,Drill Peck,230,<a href=https://www.workoutlabs.com/exercise-guide/cardio-walking/>Drill Peck</a><br/>,,<a href=https://,www.workoutlabs.com/exercise-guide/cardio-walking/,>,</a><br/>
Flying,Mirror Move,231,<a href=https://www.workoutlabs.com/exercise-guide/cardio_stairmaster/>Mirror Move</a><br/>,,<a href=https://,www.workoutlabs.com/exercise-guide/cardio_stairmaster/,>,</a><br/>
Flying,Sky Attack,232,<a href=https://www.workoutlabs.com/exercise-guide/jumping-jacks/>Sky Attack</a><br/>,,<a href=https://,www.workoutlabs.com/exercise-guide/jumping-jacks/,>,</a><br/>
Flying,Aeroblast,233,x,,<a href=https://,www.google.com,>,</a><br/>
Flying,Feather Dance,234,x,,<a href=https://,www.google.com,>,</a><br/>
Flying,Air Cutter,235,x,,<a href=https://,www.google.com,>,</a><br/>
Flying,Aerial Ace,236,x,,<a href=https://,www.google.com,>,</a><br/>
Flying,Bounce,237,x,,<a href=https://,www.google.com,>,</a><br/>
Flying,Roost,238,x,,<a href=https://,www.google.com,>,</a><br/>
Flying,Pluck,239,x,,<a href=https://,www.google.com,>,</a><br/>
Flying,Tailwind,240,x,,<a href=https://,www.google.com,>,</a><br/>
Flying,Air Slash,241,x,,<a href=https://,www.google.com,>,</a><br/>
Flying,Brave Bird,242,x,,<a href=https://,www.google.com,>,</a><br/>
Flying,Defog,243,x,,<a href=https://,www.google.com,>,</a><br/>
Flying,Chatter,244,x,,<a href=https://,www.google.com,>,</a><br/>
Flying,Sky Drop,245,x,,<a href=https://,www.google.com,>,</a><br/>
Flying,Acrobatics,246,x,,<a href=https://,www.google.com,>,</a><br/>
Flying,Hurricane,247,x,,<a href=https://,www.google.com,>,</a><br/>
Flying,Oblivion Wing,248,x,,<a href=https://,www.google.com,>,</a><br/>
Flying,Dragon Ascent,249,x,,<a href=https://,www.google.com,>,</a><br/>
Flying,Supersonic Skystrike,250,x,,<a href=https://,www.google.com,>,</a><br/>
Flying,Beak Blast,251,x,,<a href=https://,www.google.com,>,</a><br/>
Flying,Floaty Fall,252,x,,<a href=https://,www.google.com,>,</a><br/>
Ghost,Night Shade,253,<a href=https://www.workoutlabs.com/exercise-guide/wall-push-ups-pushups/>Night Shade</a><br/>,,<a href=https://,www.workoutlabs.com/exercise-guide/wall-push-ups-pushups/,>,</a><br/>
Ghost,Confuse Ray,254,<a href=https://www.workoutlabs.com/exercise-guide/spiderman-push-ups-pushups/>Confuse Ray</a><br/>,,<a href=https://,www.workoutlabs.com/exercise-guide/spiderman-push-ups-pushups/,>,</a><br/>
Ghost,Lick,255,<a href=https://www.workoutlabs.com/exercise-guide/shadow-boxing/>Lick</a><br/>,,<a href=https://,www.workoutlabs.com/exercise-guide/shadow-boxing/,>,</a><br/>
Ghost,Nightmare,256,<a href=https://www.workoutlabs.com/exercise-guide/one-arm-side-push-ups/>Nightmare</a><br/>,,<a href=https://,www.workoutlabs.com/exercise-guide/one-arm-side-push-ups/,>,</a><br/>
Ghost,Curse,257,<a href=https://www.workoutlabs.com/exercise-guide/half-modified-one-leg-push-ups/>Curse</a><br/>,,<a href=https://,www.workoutlabs.com/exercise-guide/half-modified-one-leg-push-ups/,>,</a><br/>
Ghost,Spite,258,<a href=https://www.workoutlabs.com/exercise-guide/diamond-tricep-pushup-pushups/>Spite</a><br/>,,<a href=https://,www.workoutlabs.com/exercise-guide/diamond-tricep-pushup-pushups/,>,</a><br/>
Ghost,Destiny Bond,259,<a href=https://www.workoutlabs.com/exercise-guide/chair-bench-tricep-dips/>Destiny Bond</a><br/>,,<a href=https://,www.workoutlabs.com/exercise-guide/chair-bench-tricep-dips/,>,</a><br/>
Ghost,Shadow Ball,260,x,,<a href=https://,www.google.com,>,</a><br/>
Ghost,Grudge,261,x,,<a href=https://,www.google.com,>,</a><br/>
Ghost,Astonish,262,x,,<a href=https://,www.google.com,>,</a><br/>
Ghost,Shadow Punch,263,x,,<a href=https://,www.google.com,>,</a><br/>
Ghost,Shadow Claw,264,x,,<a href=https://,www.google.com,>,</a><br/>
Ghost,Shadow Sneak,265,x,,<a href=https://,www.google.com,>,</a><br/>
Ghost,Ominous Wind,266,x,,<a href=https://,www.google.com,>,</a><br/>
Ghost,Shadow Force,267,x,,<a href=https://,www.google.com,>,</a><br/>
Ghost,Hex,268,x,,<a href=https://,www.google.com,>,</a><br/>
Ghost,Phantom Force,269,x,,<a href=https://,www.google.com,>,</a><br/>
Ghost,Trick-or-Treat,270,x,,<a href=https://,www.google.com,>,</a><br/>
Ghost,Never-Ending Nightmare,271,x,,<a href=https://,www.google.com,>,</a><br/>
Ghost,Spirit Shackle,272,x,,<a href=https://,www.google.com,>,</a><br/>
Ghost,Sinister Arrow Raid,273,x,,<a href=https://,www.google.com,>,</a><br/>
Ghost,Soul-Stealing 7-Star Strike,274,x,,<a href=https://,www.google.com,>,</a><br/>
Ghost,Shadow Bone,275,x,,<a href=https://,www.google.com,>,</a><br/>
Ghost,Spectral Thief,276,x,,<a href=https://,www.google.com,>,</a><br/>
Ghost,Moongeist Beam,277,x,,<a href=https://,www.google.com,>,</a><br/>
Ghost,Menacing Moonraze Maelstrom,278,x,,<a href=https://,www.google.com,>,</a><br/>
Grass,Vine Whip,279,<a href=https://www.workoutlabs.com/exercise-guide/plank/>Vine Whip</a><br/>,,<a href=https://,www.workoutlabs.com/exercise-guide/plank/,>,</a><br/>
Grass,Absorb,280,<a href=https://www.workoutlabs.com/exercise-guide/mountain-climbers/>Absorb</a><br/>,,<a href=https://,www.workoutlabs.com/exercise-guide/mountain-climbers/,>,</a><br/>
Grass,Mega Drain,281,<a href=https://www.workoutlabs.com/exercise-guide/modified-side-planks/>Mega Drain</a><br/>,,<a href=https://,www.workoutlabs.com/exercise-guide/modified-side-planks/,>,</a><br/>
Grass,Leech Seed,282,<a href=https://www.workoutlabs.com/exercise-guide/lying-leg-raises/>Leech Seed</a><br/>,,<a href=https://,www.workoutlabs.com/exercise-guide/lying-leg-raises/,>,</a><br/>
Grass,Razor Leaf,283,<a href=https://www.workoutlabs.com/exercise-guide/leg-pull-in-knee-ups/>Razor Leaf</a><br/>,,<a href=https://,www.workoutlabs.com/exercise-guide/leg-pull-in-knee-ups/,>,</a><br/>
Grass,Solar Beam,284,<a href=https://www.workoutlabs.com/exercise-guide/knee-plank/>Solar Beam</a><br/>,,<a href=https://,www.workoutlabs.com/exercise-guide/knee-plank/,>,</a><br/>
Grass,Stun Spore,285,<a href=https://www.workoutlabs.com/exercise-guide/jackknife-sit-up-crunch-toe-touches/>Stun Spore</a><br/>,,<a href=https://,www.workoutlabs.com/exercise-guide/jackknife-sit-up-crunch-toe-touches/,>,</a><br/>
Grass,Sleep Powder,286,<a href=https://www.workoutlabs.com/exercise-guide/inchworm-walkouts/>Sleep Powder</a><br/>,,<a href=https://,www.workoutlabs.com/exercise-guide/inchworm-walkouts/,>,</a><br/>
Grass,Petal Dance,287,<a href=https://www.workoutlabs.com/exercise-guide/hollow-body-rock-hold/>Petal Dance</a><br/>,,<a href=https://,www.workoutlabs.com/exercise-guide/hollow-body-rock-hold/,>,</a><br/>
Grass,Spore,288,<a href=https://www.workoutlabs.com/exercise-guide/hindu-judo-push-up-dive-bombers/>Spore</a><br/>,,<a href=https://,www.workoutlabs.com/exercise-guide/hindu-judo-push-up-dive-bombers/,>,</a><br/>
Grass,Cotton Spore,289,<a href=https://www.workoutlabs.com/exercise-guide/flutter-kicks-2/>Cotton Spore</a><br/>,,<a href=https://,www.workoutlabs.com/exercise-guide/flutter-kicks-2/,>,</a><br/>
Grass,Giga Drain,290,<a href=https://www.workoutlabs.com/exercise-guide/double-side-jackknifes/>Giga Drain</a><br/>,,<a href=https://,www.workoutlabs.com/exercise-guide/double-side-jackknifes/,>,</a><br/>
Grass,Synthesis,291,<a href=https://www.workoutlabs.com/exercise-guide/double-crunches/>Synthesis</a><br/>,,<a href=https://,www.workoutlabs.com/exercise-guide/double-crunches/,>,</a><br/>
Grass,Ingrain,292,<a href=https://www.workoutlabs.com/exercise-guide/dead-bug/>Ingrain</a><br/>,,<a href=https://,www.workoutlabs.com/exercise-guide/dead-bug/,>,</a><br/>
Grass,Needle Arm,293,<a href=https://www.workoutlabs.com/exercise-guide/crunches/>Needle Arm</a><br/>,,<a href=https://,www.workoutlabs.com/exercise-guide/crunches/,>,</a><br/>
Grass,Aromatherapy,294,<a href=https://www.workoutlabs.com/exercise-guide/cross-body-mountain-climbers/>Aromatherapy</a><br/>,,<a href=https://,www.workoutlabs.com/exercise-guide/cross-body-mountain-climbers/,>,</a><br/>
Grass,Grass Whistle,295,<a href=https://www.workoutlabs.com/exercise-guide/bird-dogs/>Grass Whistle</a><br/>,,<a href=https://,www.workoutlabs.com/exercise-guide/bird-dogs/,>,</a><br/>
Grass,Bullet Seed,296,<a href=https://www.workoutlabs.com/exercise-guide/bicycle-crunches-air-bikes/>Bullet Seed</a><br/>,,<a href=https://,www.workoutlabs.com/exercise-guide/bicycle-crunches-air-bikes/,>,</a><br/>
Grass,Frenzy Plant,297,<a href=https://www.workoutlabs.com/exercise-guide/bear-crawls/>Frenzy Plant</a><br/>,,<a href=https://,www.workoutlabs.com/exercise-guide/bear-crawls/,>,</a><br/>
Grass,Magical Leaf,298,<a href=https://www.workoutlabs.com/exercise-guide/alternate-heel-touchers/>Magical Leaf</a><br/>,,<a href=https://,www.workoutlabs.com/exercise-guide/alternate-heel-touchers/,>,</a><br/>
Grass,Leaf Blade,299,x,,<a href=https://,www.google.com,>,</a><br/>
Grass,Worry Seed,300,x,,<a href=https://,www.google.com,>,</a><br/>
Grass,Seed Bomb,301,x,,<a href=https://,www.google.com,>,</a><br/>
Grass,Energy Ball,302,x,,<a href=https://,www.google.com,>,</a><br/>
Grass,Leaf Storm,303,x,,<a href=https://,www.google.com,>,</a><br/>
Grass,Power Whip,304,x,,<a href=https://,www.google.com,>,</a><br/>
Grass,Grass Knot,305,x,,<a href=https://,www.google.com,>,</a><br/>
Grass,Wood Hammer,306,x,,<a href=https://,www.google.com,>,</a><br/>
Grass,Seed Flare,307,x,,<a href=https://,www.google.com,>,</a><br/>
Grass,Grass Pledge,308,x,,<a href=https://,www.google.com,>,</a><br/>
Grass,Horn Leech,309,x,,<a href=https://,www.google.com,>,</a><br/>
Grass,Leaf Tornado,310,x,,<a href=https://,www.google.com,>,</a><br/>
Grass,Cotton Guard,311,x,,<a href=https://,www.google.com,>,</a><br/>
Grass,Forest's Curse,312,x,,<a href=https://,www.google.com,>,</a><br/>
Grass,Petal Blizzard,313,x,,<a href=https://,www.google.com,>,</a><br/>
Grass,Grassy Terrain,314,x,,<a href=https://,www.google.com,>,</a><br/>
Grass,Spiky Shield,315,x,,<a href=https://,www.google.com,>,</a><br/>
Grass,Bloom Doom,316,x,,<a href=https://,www.google.com,>,</a><br/>
Grass,Strength Sap,317,x,,<a href=https://,www.google.com,>,</a><br/>
Grass,Solar Blade,318,x,,<a href=https://,www.google.com,>,</a><br/>
Grass,Leafage,319,x,,<a href=https://,www.google.com,>,</a><br/>
Grass,Trop Kick,320,x,,<a href=https://,www.google.com,>,</a><br/>
Grass,Sappy Seed,321,x,,<a href=https://,www.google.com,>,</a><br/>
Ground,Sand Attack,322,<a href=https://www.workoutlabs.com/exercise-guide/supermans/>Sand Attack</a><br/>,,<a href=https://,www.workoutlabs.com/exercise-guide/supermans/,>,</a><br/>
Ground,Earthquake,323,<a href=https://www.workoutlabs.com/exercise-guide/scorpion/>Earthquake</a><br/>,,<a href=https://,www.workoutlabs.com/exercise-guide/scorpion/,>,</a><br/>
Ground,Fissure,324,<a href=https://www.workoutlabs.com/exercise-guide/inchworm-walkouts/>Fissure</a><br/>,,<a href=https://,www.workoutlabs.com/exercise-guide/inchworm-walkouts/,>,</a><br/>
Ground,Dig,325,<a href=https://www.workoutlabs.com/exercise-guide/floor-t-raises-back-flyes/>Dig</a><br/>,,<a href=https://,www.workoutlabs.com/exercise-guide/floor-t-raises-back-flyes/,>,</a><br/>
Ground,Bone Club,326,<a href=https://www.workoutlabs.com/exercise-guide/crab-toe-touches/>Bone Club</a><br/>,,<a href=https://,www.workoutlabs.com/exercise-guide/crab-toe-touches/,>,</a><br/>
Ground,Bonemerang,327,<a href=https://www.workoutlabs.com/exercise-guide/contralateral-limb-raises/>Bonemerang</a><br/>,,<a href=https://,www.workoutlabs.com/exercise-guide/contralateral-limb-raises/,>,</a><br/>
Ground,Mud-Slap,328,<a href=https://www.workoutlabs.com/exercise-guide/bird-dogs/>Mud-Slap</a><br/>,,<a href=https://,www.workoutlabs.com/exercise-guide/bird-dogs/,>,</a><br/>
Ground,Spikes,329,x,,<a href=https://,www.google.com,>,</a><br/>
Ground,Bone Rush,330,x,,<a href=https://,www.google.com,>,</a><br/>
Ground,Magnitude,331,x,,<a href=https://,www.google.com,>,</a><br/>
Ground,Mud Sport,332,x,,<a href=https://,www.google.com,>,</a><br/>
Ground,Sand Tomb,333,x,,<a href=https://,www.google.com,>,</a><br/>
Ground,Mud Shot,334,x,,<a href=https://,www.google.com,>,</a><br/>
Ground,Earth Power,335,x,,<a href=https://,www.google.com,>,</a><br/>
Ground,Mud Bomb,336,x,,<a href=https://,www.google.com,>,</a><br/>
Ground,Bulldoze,337,x,,<a href=https://,www.google.com,>,</a><br/>
Ground,Drill Run,338,x,,<a href=https://,www.google.com,>,</a><br/>
Ground,Rototiller,339,x,,<a href=https://,www.google.com,>,</a><br/>
Ground,Thousand Arrows,340,x,,<a href=https://,www.google.com,>,</a><br/>
Ground,Thousand Waves,341,x,,<a href=https://,www.google.com,>,</a><br/>
Ground,Land's Wrath,342,x,,<a href=https://,www.google.com,>,</a><br/>
Ground,Precipice Blades,343,x,,<a href=https://,www.google.com,>,</a><br/>
Ground,Tectonic Rage,344,x,,<a href=https://,www.google.com,>,</a><br/>
Ground,Shore Up,345,x,,<a href=https://,www.google.com,>,</a><br/>
Ground,High Horsepower,346,x,,<a href=https://,www.google.com,>,</a><br/>
Ground,Stomping Tantrum,347,x,,<a href=https://,www.google.com,>,</a><br/>
Ice,Ice Punch,348,<a href=https://www.workoutlabs.com/exercise-guide/jump-squats/>Ice Punch</a><br/>,,<a href=https://,www.workoutlabs.com/exercise-guide/jump-squats/,>,</a><br/>
Ice,Mist,349,<a href=https://www.workoutlabs.com/exercise-guide/inchworm-walkouts/>Mist</a><br/>,,<a href=https://,www.workoutlabs.com/exercise-guide/inchworm-walkouts/,>,</a><br/>
Ice,Ice Beam,350,<a href=https://www.workoutlabs.com/exercise-guide/hip-raises/>Ice Beam</a><br/>,,<a href=https://,www.workoutlabs.com/exercise-guide/hip-raises/,>,</a><br/>
Ice,Blizzard,351,<a href=https://www.workoutlabs.com/exercise-guide/hindu-squats/>Blizzard</a><br/>,,<a href=https://,www.workoutlabs.com/exercise-guide/hindu-squats/,>,</a><br/>
Ice,Aurora Beam,352,<a href=https://www.workoutlabs.com/exercise-guide/gluteus-glute-gluteal-stretch/>Aurora Beam</a><br/>,,<a href=https://,www.workoutlabs.com/exercise-guide/gluteus-glute-gluteal-stretch/,>,</a><br/>
Ice,Haze,353,<a href=https://www.workoutlabs.com/exercise-guide/groiners/>Haze</a><br/>,,<a href=https://,www.workoutlabs.com/exercise-guide/groiners/,>,</a><br/>
Ice,Powder Snow,354,x,,<a href=https://,,>,</a><br/>
Ice,Icy Wind,355,<a href=https://www.workoutlabs.com/exercise-guide/donkey-kicks/>Icy Wind</a><br/>,,<a href=https://,www.workoutlabs.com/exercise-guide/donkey-kicks/,>,</a><br/>
Ice,Hail,356,<a href=https://www.workoutlabs.com/exercise-guide/duck-walks/>Hail</a><br/>,,<a href=https://,www.workoutlabs.com/exercise-guide/duck-walks/,>,</a><br/>
Ice,Ice Ball,357,<a href=https://www.workoutlabs.com/exercise-guide/fire-hydrants/>Ice Ball</a><br/>,,<a href=https://,www.workoutlabs.com/exercise-guide/fire-hydrants/,>,</a><br/>
Ice,Sheer Cold,358,<a href=https://www.workoutlabs.com/exercise-guide/crab-walks/>Sheer Cold</a><br/>,,<a href=https://,www.workoutlabs.com/exercise-guide/crab-walks/,>,</a><br/>
Ice,Icicle Spear,359,<a href=https://www.workoutlabs.com/exercise-guide/contralateral-limb-raises/>Icicle Spear</a><br/>,,<a href=https://,www.workoutlabs.com/exercise-guide/contralateral-limb-raises/,>,</a><br/>
Ice,Avalanche,360,<a href=https://www.workoutlabs.com/exercise-guide/chair-squats/>Avalanche</a><br/>,,<a href=https://,www.workoutlabs.com/exercise-guide/chair-squats/,>,</a><br/>
Ice,Ice Shard,361,<a href=https://www.workoutlabs.com/exercise-guide/burpees/>Ice Shard</a><br/>,,<a href=https://,www.workoutlabs.com/exercise-guide/burpees/,>,</a><br/>
Ice,Ice Fang,362,<a href=https://www.workoutlabs.com/exercise-guide/bodyweight-squats/>Ice Fang</a><br/>,,<a href=https://,www.workoutlabs.com/exercise-guide/bodyweight-squats/,>,</a><br/>
Ice,Frost Breath,363,<a href=https://www.workoutlabs.com/exercise-guide/bodyweight-side-steps-lateral-lunges/>Frost Breath</a><br/>,,<a href=https://,www.workoutlabs.com/exercise-guide/bodyweight-side-steps-lateral-lunges/,>,</a><br/>
Ice,Glaciate,364,<a href=https://www.workoutlabs.com/exercise-guide/body-weight-sumo-wide-stance-squats/>Glaciate</a><br/>,,<a href=https://,www.workoutlabs.com/exercise-guide/body-weight-sumo-wide-stance-squats/,>,</a><br/>
Ice,Freeze Shock,365,x,,<a href=https://,www.google.com,>,</a><br/>
Ice,Ice Burn,366,x,,<a href=https://,www.google.com,>,</a><br/>
Ice,Icicle Crash,367,x,,<a href=https://,www.google.com,>,</a><br/>
Ice,Freeze-Dry,368,x,,<a href=https://,www.google.com,>,</a><br/>
Ice,Subzero Slammer,369,x,,<a href=https://,www.google.com,>,</a><br/>
Ice,Ice Hammer,370,x,,<a href=https://,www.google.com,>,</a><br/>
Ice,Aurora Veil,371,x,,<a href=https://,www.google.com,>,</a><br/>
Ice,Freezy Frost,372,x,,<a href=https://,www.google.com,>,</a><br/>
Normal,Pound,373,<a href=https://www.workoutlabs.com/exercise-guide/standing-arm-circles/>Pound</a><br/>,,<a href=https://,www.workoutlabs.com/exercise-guide/standing-arm-circles/,>,</a><br/>
Normal,Double Slap,374,<a href=https://www.workoutlabs.com/exercise-guide/staggered-hand-push-ups-pushups/>Double Slap</a><br/>,,<a href=https://,www.workoutlabs.com/exercise-guide/staggered-hand-push-ups-pushups/,>,</a><br/>
Normal,Comet Punch,375,<a href=https://www.workoutlabs.com/exercise-guide/spiderman-push-ups-pushups/>Comet Punch</a><br/>,,<a href=https://,www.workoutlabs.com/exercise-guide/spiderman-push-ups-pushups/,>,</a><br/>
Normal,Mega Punch,376,<a href=https://www.workoutlabs.com/exercise-guide/raised-leg-push-ups/>Mega Punch</a><br/>,,<a href=https://,www.workoutlabs.com/exercise-guide/raised-leg-push-ups/,>,</a><br/>
Normal,Pay Day,377,<a href=https://www.workoutlabs.com/exercise-guide/pushups/>Pay Day</a><br/>,,<a href=https://,www.workoutlabs.com/exercise-guide/pushups/,>,</a><br/>
Normal,Scratch,378,<a href=https://www.workoutlabs.com/exercise-guide/plank-to-push-up-pushups-walking-plank/>Scratch</a><br/>,,<a href=https://,www.workoutlabs.com/exercise-guide/plank-to-push-up-pushups-walking-plank/,>,</a><br/>
Normal,Vice Grip,379,x,,<a href=https://,,>,</a><br/>
Normal,Guillotine,380,x,,<a href=https://,,>,</a><br/>
Normal,Razor Wind,381,x,,<a href=https://,,>,</a><br/>
Normal,Swords Dance,382,<a href=https://www.workoutlabs.com/exercise-guide/one-arm-side-push-ups/>Swords Dance</a><br/>,,<a href=https://,www.workoutlabs.com/exercise-guide/one-arm-side-push-ups/,>,</a><br/>
Normal,Cut,383,<a href=https://www.workoutlabs.com/exercise-guide/modified-pushups-pushups/>Cut</a><br/>,,<a href=https://,www.workoutlabs.com/exercise-guide/modified-pushups-pushups/,>,</a><br/>
Normal,Whirlwind,384,<a href=https://www.workoutlabs.com/exercise-guide/hindu-judo-push-up-dive-bombers/>Whirlwind</a><br/>,,<a href=https://,www.workoutlabs.com/exercise-guide/hindu-judo-push-up-dive-bombers/,>,</a><br/>
Normal,Bind,385,<a href=https://www.workoutlabs.com/exercise-guide/half-modified-one-leg-push-ups/>Bind</a><br/>,,<a href=https://,www.workoutlabs.com/exercise-guide/half-modified-one-leg-push-ups/,>,</a><br/>
Normal,Slam,386,<a href=https://www.workoutlabs.com/exercise-guide/crab-walks/>Slam</a><br/>,,<a href=https://,www.workoutlabs.com/exercise-guide/crab-walks/,>,</a><br/>
Normal,Stomp,387,<a href=https://www.workoutlabs.com/exercise-guide/crab-toe-touches/>Stomp</a><br/>,,<a href=https://,www.workoutlabs.com/exercise-guide/crab-toe-touches/,>,</a><br/>
Normal,Mega Kick,388,<a href=https://www.workoutlabs.com/exercise-guide/body-weight-shoulder-press/>Mega Kick</a><br/>,,<a href=https://,www.workoutlabs.com/exercise-guide/body-weight-shoulder-press/,>,</a><br/>
Normal,Headbutt,389,<a href=https://www.workoutlabs.com/exercise-guide/bear-crawls/>Headbutt</a><br/>,,<a href=https://,www.workoutlabs.com/exercise-guide/bear-crawls/,>,</a><br/>
Normal,Horn Attack,390,x,,<a href=https://,www.google.com,>,</a><br/>
Normal,Fury Attack,391,x,,<a href=https://,www.google.com,>,</a><br/>
Normal,Horn Drill,392,x,,<a href=https://,www.google.com,>,</a><br/>
Normal,Tackle,393,x,,<a href=https://,www.google.com,>,</a><br/>
Normal,Body Slam,394,x,,<a href=https://,www.google.com,>,</a><br/>
Normal,Wrap,395,x,,<a href=https://,www.google.com,>,</a><br/>
Normal,Take Down,396,x,,<a href=https://,www.google.com,>,</a><br/>
Normal,Thrash,397,x,,<a href=https://,www.google.com,>,</a><br/>
Normal,Double-Edge,398,x,,<a href=https://,www.google.com,>,</a><br/>
Normal,Tail Whip,399,x,,<a href=https://,www.google.com,>,</a><br/>
Normal,Leer,400,x,,<a href=https://,www.google.com,>,</a><br/>
Normal,Growl,401,x,,<a href=https://,www.google.com,>,</a><br/>
Normal,Roar,402,x,,<a href=https://,www.google.com,>,</a><br/>
Normal,Sing,403,x,,<a href=https://,www.google.com,>,</a><br/>
Normal,Supersonic,404,x,,<a href=https://,www.google.com,>,</a><br/>
Normal,Sonic Boom,405,x,,<a href=https://,www.google.com,>,</a><br/>
Normal,Disable,406,x,,<a href=https://,www.google.com,>,</a><br/>
Normal,Hyper Beam,407,x,,<a href=https://,www.google.com,>,</a><br/>
Normal,Strength,408,x,,<a href=https://,www.google.com,>,</a><br/>
Normal,Growth,409,x,,<a href=https://,www.google.com,>,</a><br/>
Normal,Quick Attack,410,x,,<a href=https://,www.google.com,>,</a><br/>
Normal,Rage,411,x,,<a href=https://,www.google.com,>,</a><br/>
Normal,Mimic,412,x,,<a href=https://,www.google.com,>,</a><br/>
Normal,Screech,413,x,,<a href=https://,www.google.com,>,</a><br/>
Normal,Double Team,414,x,,<a href=https://,www.google.com,>,</a><br/>
Normal,Recover,415,x,,<a href=https://,www.google.com,>,</a><br/>
Normal,Harden,416,x,,<a href=https://,www.google.com,>,</a><br/>
Normal,Minimize,417,x,,<a href=https://,www.google.com,>,</a><br/>
Normal,Smokescreen,418,x,,<a href=https://,www.google.com,>,</a><br/>
Normal,Defense Curl,419,x,,<a href=https://,www.google.com,>,</a><br/>
Normal,Focus Energy,420,x,,<a href=https://,www.google.com,>,</a><br/>
Normal,Bide,421,x,,<a href=https://,www.google.com,>,</a><br/>
Normal,Metronome,422,x,,<a href=https://,www.google.com,>,</a><br/>
Normal,Self-Destruct,423,x,,<a href=https://,www.google.com,>,</a><br/>
Normal,Egg Bomb,424,x,,<a href=https://,www.google.com,>,</a><br/>
Normal,Swift,425,x,,<a href=https://,www.google.com,>,</a><br/>
Normal,Skull Bash,426,x,,<a href=https://,www.google.com,>,</a><br/>
Normal,Spike Cannon,427,x,,<a href=https://,www.google.com,>,</a><br/>
Normal,Constrict,428,x,,<a href=https://,www.google.com,>,</a><br/>
Normal,Soft-Boiled,429,x,,<a href=https://,www.google.com,>,</a><br/>
Normal,Glare,430,x,,<a href=https://,www.google.com,>,</a><br/>
Normal,Barrage,431,x,,<a href=https://,www.google.com,>,</a><br/>
Normal,Lovely Kiss,432,x,,<a href=https://,www.google.com,>,</a><br/>
Normal,Transform,433,x,,<a href=https://,www.google.com,>,</a><br/>
Normal,Dizzy Punch,434,x,,<a href=https://,www.google.com,>,</a><br/>
Normal,Flash,435,x,,<a href=https://,www.google.com,>,</a><br/>
Normal,Splash,436,x,,<a href=https://,www.google.com,>,</a><br/>
Normal,Explosion,437,x,,<a href=https://,www.google.com,>,</a><br/>
Normal,Fury Swipes,438,x,,<a href=https://,www.google.com,>,</a><br/>
Normal,Hyper Fang,439,x,,<a href=https://,www.google.com,>,</a><br/>
Normal,Sharpen,440,x,,<a href=https://,www.google.com,>,</a><br/>
Normal,Conversion,441,x,,<a href=https://,www.google.com,>,</a><br/>
Normal,Tri Attack,442,x,,<a href=https://,www.google.com,>,</a><br/>
Normal,Super Fang,443,x,,<a href=https://,www.google.com,>,</a><br/>
Normal,Slash,444,x,,<a href=https://,www.google.com,>,</a><br/>
Normal,Substitute,445,x,,<a href=https://,www.google.com,>,</a><br/>
Normal,Struggle,446,x,,<a href=https://,www.google.com,>,</a><br/>
Normal,Sketch,447,x,,<a href=https://,www.google.com,>,</a><br/>
Normal,Mind Reader,448,x,,<a href=https://,www.google.com,>,</a><br/>
Normal,Snore,449,x,,<a href=https://,www.google.com,>,</a><br/>
Normal,Flail,450,x,,<a href=https://,www.google.com,>,</a><br/>
Normal,Conversion 2,451,x,,<a href=https://,www.google.com,>,</a><br/>
Normal,Protect,452,x,,<a href=https://,www.google.com,>,</a><br/>
Normal,Scary Face,453,x,,<a href=https://,www.google.com,>,</a><br/>
Normal,Belly Drum,454,x,,<a href=https://,www.google.com,>,</a><br/>
Normal,Foresight,455,x,,<a href=https://,www.google.com,>,</a><br/>
Normal,Perish Song,456,x,,<a href=https://,www.google.com,>,</a><br/>
Normal,Lock-On,457,x,,<a href=https://,www.google.com,>,</a><br/>
Normal,Endure,458,x,,<a href=https://,www.google.com,>,</a><br/>
Normal,False Swipe,459,x,,<a href=https://,www.google.com,>,</a><br/>
Normal,Swagger,460,x,,<a href=https://,www.google.com,>,</a><br/>
Normal,Milk Drink,461,x,,<a href=https://,www.google.com,>,</a><br/>
Normal,Mean Look,462,x,,<a href=https://,www.google.com,>,</a><br/>
Normal,Attract,463,x,,<a href=https://,www.google.com,>,</a><br/>
Normal,Sleep Talk,464,x,,<a href=https://,www.google.com,>,</a><br/>
Normal,Heal Bell,465,x,,<a href=https://,www.google.com,>,</a><br/>
Normal,Return,466,x,,<a href=https://,www.google.com,>,</a><br/>
Normal,Present,467,x,,<a href=https://,www.google.com,>,</a><br/>
Normal,Frustration,468,x,,<a href=https://,www.google.com,>,</a><br/>
Normal,Safeguard,469,x,,<a href=https://,www.google.com,>,</a><br/>
Normal,Pain Split,470,x,,<a href=https://,www.google.com,>,</a><br/>
Normal,Baton Pass,471,x,,<a href=https://,www.google.com,>,</a><br/>
Normal,Encore,472,x,,<a href=https://,www.google.com,>,</a><br/>
Normal,Rapid Spin,473,x,,<a href=https://,www.google.com,>,</a><br/>
Normal,Sweet Scent,474,x,,<a href=https://,www.google.com,>,</a><br/>
Normal,Morning Sun,475,x,,<a href=https://,www.google.com,>,</a><br/>
Normal,Hidden Power,476,x,,<a href=https://,www.google.com,>,</a><br/>
Normal,Psych Up,477,x,,<a href=https://,www.google.com,>,</a><br/>
Normal,Extreme Speed,478,x,,<a href=https://,www.google.com,>,</a><br/>
Normal,Fake Out,479,x,,<a href=https://,www.google.com,>,</a><br/>
Normal,Uproar,480,x,,<a href=https://,www.google.com,>,</a><br/>
Normal,Stockpile,481,x,,<a href=https://,www.google.com,>,</a><br/>
Normal,Spit Up,482,x,,<a href=https://,www.google.com,>,</a><br/>
Normal,Swallow,483,x,,<a href=https://,www.google.com,>,</a><br/>
Normal,Facade,484,x,,<a href=https://,www.google.com,>,</a><br/>
Normal,Smelling Salts,485,x,,<a href=https://,www.google.com,>,</a><br/>
Normal,Follow Me,486,x,,<a href=https://,www.google.com,>,</a><br/>
Normal,Nature Power,487,x,,<a href=https://,www.google.com,>,</a><br/>
Normal,Helping Hand,488,x,,<a href=https://,www.google.com,>,</a><br/>
Normal,Wish,489,x,,<a href=https://,www.google.com,>,</a><br/>
Normal,Assist,490,x,,<a href=https://,www.google.com,>,</a><br/>
Normal,Recycle,491,x,,<a href=https://,www.google.com,>,</a><br/>
Normal,Yawn,492,x,,<a href=https://,www.google.com,>,</a><br/>
Normal,Endeavor,493,x,,<a href=https://,www.google.com,>,</a><br/>
Normal,Refresh,494,x,,<a href=https://,www.google.com,>,</a><br/>
Normal,Secret Power,495,x,,<a href=https://,www.google.com,>,</a><br/>
Normal,Camouflage,496,x,,<a href=https://,www.google.com,>,</a><br/>
Normal,Teeter Dance,497,x,,<a href=https://,www.google.com,>,</a><br/>
Normal,Slack Off,498,x,,<a href=https://,www.google.com,>,</a><br/>
Normal,Hyper Voice,499,x,,<a href=https://,www.google.com,>,</a><br/>
Normal,Crush Claw,500,x,,<a href=https://,www.google.com,>,</a><br/>
Normal,Weather Ball,501,x,,<a href=https://,www.google.com,>,</a><br/>
Normal,Odor Sleuth,502,x,,<a href=https://,www.google.com,>,</a><br/>
Normal,Tickle,503,x,,<a href=https://,www.google.com,>,</a><br/>
Normal,Block,504,x,,<a href=https://,www.google.com,>,</a><br/>
Normal,Howl,505,x,,<a href=https://,www.google.com,>,</a><br/>
Normal,Covet,506,x,,<a href=https://,www.google.com,>,</a><br/>
Normal,Natural Gift,507,x,,<a href=https://,www.google.com,>,</a><br/>
Normal,Feint,508,x,,<a href=https://,www.google.com,>,</a><br/>
Normal,Acupressure,509,x,,<a href=https://,www.google.com,>,</a><br/>
Normal,Trump Card,510,x,,<a href=https://,www.google.com,>,</a><br/>
Normal,Wring Out,511,x,,<a href=https://,www.google.com,>,</a><br/>
Normal,Lucky Chant,512,x,,<a href=https://,www.google.com,>,</a><br/>
Normal,Me First,513,x,,<a href=https://,www.google.com,>,</a><br/>
Normal,Copycat,514,x,,<a href=https://,www.google.com,>,</a><br/>
Normal,Last Resort,515,x,,<a href=https://,www.google.com,>,</a><br/>
Normal,Giga Impact,516,x,,<a href=https://,www.google.com,>,</a><br/>
Normal,Rock Climb,517,x,,<a href=https://,www.google.com,>,</a><br/>
Normal,Captivate,518,x,,<a href=https://,www.google.com,>,</a><br/>
Normal,Judgment,519,x,,<a href=https://,www.google.com,>,</a><br/>
Normal,Double Hit,520,x,,<a href=https://,www.google.com,>,</a><br/>
Normal,Crush Grip,521,x,,<a href=https://,www.google.com,>,</a><br/>
Normal,Simple Beam,522,x,,<a href=https://,www.google.com,>,</a><br/>
Normal,Entrainment,523,x,,<a href=https://,www.google.com,>,</a><br/>
Normal,After You,524,x,,<a href=https://,www.google.com,>,</a><br/>
Normal,Round,525,x,,<a href=https://,www.google.com,>,</a><br/>
Normal,Echoed Voice,526,x,,<a href=https://,www.google.com,>,</a><br/>
Normal,Chip Away,527,x,,<a href=https://,www.google.com,>,</a><br/>
Normal,Shell Smash,528,x,,<a href=https://,www.google.com,>,</a><br/>
Normal,Reflect Type,529,x,,<a href=https://,www.google.com,>,</a><br/>
Normal,Retaliate,530,x,,<a href=https://,www.google.com,>,</a><br/>
Normal,Bestow,531,x,,<a href=https://,www.google.com,>,</a><br/>
Normal,Work Up,532,x,,<a href=https://,www.google.com,>,</a><br/>
Normal,Tail Slap,533,x,,<a href=https://,www.google.com,>,</a><br/>
Normal,Head Charge,534,x,,<a href=https://,www.google.com,>,</a><br/>
Normal,Techno Blast,535,x,,<a href=https://,www.google.com,>,</a><br/>
Normal,Relic Song,536,x,,<a href=https://,www.google.com,>,</a><br/>
Normal,Noble Roar,537,x,,<a href=https://,www.google.com,>,</a><br/>
Normal,Boomburst,538,x,,<a href=https://,www.google.com,>,</a><br/>
Normal,Play Nice,539,x,,<a href=https://,www.google.com,>,</a><br/>
Normal,Confide,540,x,,<a href=https://,www.google.com,>,</a><br/>
Normal,Happy Hour,541,x,,<a href=https://,www.google.com,>,</a><br/>
Normal,Celebrate,542,x,,<a href=https://,www.google.com,>,</a><br/>
Normal,Hold Hands,543,x,,<a href=https://,www.google.com,>,</a><br/>
Normal,Hold Back,544,x,,<a href=https://,www.google.com,>,</a><br/>
Normal,Breakneck Blitz,545,x,,<a href=https://,www.google.com,>,</a><br/>
Normal,Spotlight,546,x,,<a href=https://,www.google.com,>,</a><br/>
Normal,Laser Focus,547,x,,<a href=https://,www.google.com,>,</a><br/>
Normal,Revelation Dance,548,x,,<a href=https://,www.google.com,>,</a><br/>
Normal,Pulverizing Pancake,549,x,,<a href=https://,www.google.com,>,</a><br/>
Normal,Extreme Evoboost,550,x,,<a href=https://,www.google.com,>,</a><br/>
Normal,Tearful Look,551,x,,<a href=https://,www.google.com,>,</a><br/>
Normal,Multi-Attack,552,x,,<a href=https://,www.google.com,>,</a><br/>
Normal,Veevee Volley,553,x,,<a href=https://,www.google.com,>,</a><br/>
Poison,Poison Sting,554,<a href=https://www.workoutlabs.com/exercise-guide/jump-squats/>Poison Sting</a><br/>,,<a href=https://,www.workoutlabs.com/exercise-guide/jump-squats/,>,</a><br/>
Poison,Acid,555,<a href=https://www.workoutlabs.com/exercise-guide/inchworm-walkouts/>Acid</a><br/>,,<a href=https://,www.workoutlabs.com/exercise-guide/inchworm-walkouts/,>,</a><br/>
Poison,Poison Powder,556,<a href=https://www.workoutlabs.com/exercise-guide/hip-raises/>Poison Powder</a><br/>,,<a href=https://,www.workoutlabs.com/exercise-guide/hip-raises/,>,</a><br/>
Poison,Toxic,557,<a href=https://www.workoutlabs.com/exercise-guide/hindu-squats/>Toxic</a><br/>,,<a href=https://,www.workoutlabs.com/exercise-guide/hindu-squats/,>,</a><br/>
Poison,Smog,558,<a href=https://www.workoutlabs.com/exercise-guide/gluteus-glute-gluteal-stretch/>Smog</a><br/>,,<a href=https://,www.workoutlabs.com/exercise-guide/gluteus-glute-gluteal-stretch/,>,</a><br/>
Poison,Sludge,559,<a href=https://www.workoutlabs.com/exercise-guide/groiners/>Sludge</a><br/>,,<a href=https://,www.workoutlabs.com/exercise-guide/groiners/,>,</a><br/>
Poison,Poison Gas,560,<a href=https://www.workoutlabs.com/exercise-guide/groiners/>Poison Gas</a><br/>,,<a href=https://,www.workoutlabs.com/exercise-guide/groiners/,>,</a><br/>
Poison,Acid Armor,561,<a href=https://www.workoutlabs.com/exercise-guide/donkey-kicks/>Acid Armor</a><br/>,,<a href=https://,www.workoutlabs.com/exercise-guide/donkey-kicks/,>,</a><br/>
Poison,Sludge Bomb,562,<a href=https://www.workoutlabs.com/exercise-guide/duck-walks/>Sludge Bomb</a><br/>,,<a href=https://,www.workoutlabs.com/exercise-guide/duck-walks/,>,</a><br/>
Poison,Poison Fang,563,<a href=https://www.workoutlabs.com/exercise-guide/fire-hydrants/>Poison Fang</a><br/>,,<a href=https://,www.workoutlabs.com/exercise-guide/fire-hydrants/,>,</a><br/>
Poison,Poison Tail,564,<a href=https://www.workoutlabs.com/exercise-guide/crab-walks/>Poison Tail</a><br/>,,<a href=https://,www.workoutlabs.com/exercise-guide/crab-walks/,>,</a><br/>
Poison,Gastro Acid,565,<a href=https://www.workoutlabs.com/exercise-guide/contralateral-limb-raises/>Gastro Acid</a><br/>,,<a href=https://,www.workoutlabs.com/exercise-guide/contralateral-limb-raises/,>,</a><br/>
Poison,Toxic Spikes,566,<a href=https://www.workoutlabs.com/exercise-guide/chair-squats/>Toxic Spikes</a><br/>,,<a href=https://,www.workoutlabs.com/exercise-guide/chair-squats/,>,</a><br/>
Poison,Poison Jab,567,<a href=https://www.workoutlabs.com/exercise-guide/burpees/>Poison Jab</a><br/>,,<a href=https://,www.workoutlabs.com/exercise-guide/burpees/,>,</a><br/>
Poison,Cross Poison,568,<a href=https://www.workoutlabs.com/exercise-guide/bodyweight-squats/>Cross Poison</a><br/>,,<a href=https://,www.workoutlabs.com/exercise-guide/bodyweight-squats/,>,</a><br/>
Poison,Gunk Shot,569,<a href=https://www.workoutlabs.com/exercise-guide/bodyweight-side-steps-lateral-lunges/>Gunk Shot</a><br/>,,<a href=https://,www.workoutlabs.com/exercise-guide/bodyweight-side-steps-lateral-lunges/,>,</a><br/>
Poison,Venoshock,570,<a href=https://www.workoutlabs.com/exercise-guide/body-weight-sumo-wide-stance-squats/>Venoshock</a><br/>,,<a href=https://,www.workoutlabs.com/exercise-guide/body-weight-sumo-wide-stance-squats/,>,</a><br/>
Poison,Sludge Wave,571,x,,<a href=https://,www.google.com,>,</a><br/>
Poison,Coil,572,x,,<a href=https://,www.google.com,>,</a><br/>
Poison,Acid Spray,573,x,,<a href=https://,www.google.com,>,</a><br/>
Poison,Clear Smog,574,x,,<a href=https://,www.google.com,>,</a><br/>
Poison,Belch,575,x,,<a href=https://,www.google.com,>,</a><br/>
Poison,Venom Drench,576,x,,<a href=https://,www.google.com,>,</a><br/>
Poison,Acid Downpour,577,x,,<a href=https://,www.google.com,>,</a><br/>
Poison,Baneful Bunker,578,x,,<a href=https://,www.google.com,>,</a><br/>
Poison,Toxic Thread,579,x,,<a href=https://,www.google.com,>,</a><br/>
Poison,Purify,580,x,,<a href=https://,www.google.com,>,</a><br/>
Psychic,Psybeam,581,<a href=https://www.workoutlabs.com/exercise-guide/standing-water-bottle-bicep-curls/>Psybeam</a><br/>,,<a href=https://,www.workoutlabs.com/exercise-guide/standing-water-bottle-bicep-curls/,>,</a><br/>
Psychic,Confusion,582,<a href=https://www.workoutlabs.com/exercise-guide/standing-dummbell-hammer-curls/>Confusion</a><br/>,,<a href=https://,www.workoutlabs.com/exercise-guide/standing-dummbell-hammer-curls/,>,</a><br/>
Psychic,Psychic,583,<a href=https://www.workoutlabs.com/exercise-guide/shadow-boxing/>Psychic</a><br/>,,<a href=https://,www.workoutlabs.com/exercise-guide/shadow-boxing/,>,</a><br/>
Psychic,Hypnosis,584,<a href=https://www.workoutlabs.com/exercise-guide/concentration-curls/>Hypnosis</a><br/>,,<a href=https://,www.workoutlabs.com/exercise-guide/concentration-curls/,>,</a><br/>
Psychic,Meditate,585,<a href=https://www.workoutlabs.com/exercise-guide/seated-dumbbell-bicep-curls/>Meditate</a><br/>,,<a href=https://,www.workoutlabs.com/exercise-guide/seated-dumbbell-bicep-curls/,>,</a><br/>
Psychic,Agility,586,<a href=https://www.workoutlabs.com/exercise-guide/exercise-swiss-ball-bicep-curls/>Agility</a><br/>,,<a href=https://,www.workoutlabs.com/exercise-guide/exercise-swiss-ball-bicep-curls/,>,</a><br/>
Psychic,Teleport,587,<a href=https://www.workoutlabs.com/exercise-guide/dumbbell-biceps-curl-to-shoulder-press/>Teleport</a><br/>,,<a href=https://,www.workoutlabs.com/exercise-guide/dumbbell-biceps-curl-to-shoulder-press/,>,</a><br/>
Psychic,Barrier,588,<a href=https://www.workoutlabs.com/exercise-guide/bosu-ball-burpees/>Barrier</a><br/>,,<a href=https://,www.workoutlabs.com/exercise-guide/bosu-ball-burpees/,>,</a><br/>
Psychic,Light Screen,589,<a href=https://www.workoutlabs.com/exercise-guide/barbell-curls/>Light Screen</a><br/>,,<a href=https://,www.workoutlabs.com/exercise-guide/barbell-curls/,>,</a><br/>
Psychic,Reflect,590,x,,<a href=https://,www.google.com,>,</a><br/>
Psychic,Amnesia,591,x,,<a href=https://,www.google.com,>,</a><br/>
Psychic,Kinesis,592,x,,<a href=https://,www.google.com,>,</a><br/>
Psychic,Dream Eater,593,x,,<a href=https://,www.google.com,>,</a><br/>
Psychic,Psywave,594,x,,<a href=https://,www.google.com,>,</a><br/>
Psychic,Rest,595,x,,<a href=https://,www.google.com,>,</a><br/>
Psychic,Mirror Coat,596,x,,<a href=https://,www.google.com,>,</a><br/>
Psychic,Future Sight,597,x,,<a href=https://,www.google.com,>,</a><br/>
Psychic,Trick,598,x,,<a href=https://,www.google.com,>,</a><br/>
Psychic,Role Play,599,x,,<a href=https://,www.google.com,>,</a><br/>
Psychic,Magic Coat,600,x,,<a href=https://,www.google.com,>,</a><br/>
Psychic,Skill Swap,601,x,,<a href=https://,www.google.com,>,</a><br/>
Psychic,Imprison,602,x,,<a href=https://,www.google.com,>,</a><br/>
Psychic,Luster Purge,603,x,,<a href=https://,www.google.com,>,</a><br/>
Psychic,Mist Ball,604,x,,<a href=https://,www.google.com,>,</a><br/>
Psychic,Cosmic Power,605,x,,<a href=https://,www.google.com,>,</a><br/>
Psychic,Extrasensory,606,x,,<a href=https://,www.google.com,>,</a><br/>
Psychic,Calm Mind,607,x,,<a href=https://,www.google.com,>,</a><br/>
Psychic,Psycho Boost,608,x,,<a href=https://,www.google.com,>,</a><br/>
Psychic,Gravity,609,x,,<a href=https://,www.google.com,>,</a><br/>
Psychic,Miracle Eye,610,x,,<a href=https://,www.google.com,>,</a><br/>
Psychic,Healing Wish,611,x,,<a href=https://,www.google.com,>,</a><br/>
Psychic,Psycho Shift,612,x,,<a href=https://,www.google.com,>,</a><br/>
Psychic,Heal Block,613,x,,<a href=https://,www.google.com,>,</a><br/>
Psychic,Power Trick,614,x,,<a href=https://,www.google.com,>,</a><br/>
Psychic,Power Swap,615,x,,<a href=https://,www.google.com,>,</a><br/>
Psychic,Guard Swap,616,x,,<a href=https://,www.google.com,>,</a><br/>
Psychic,Heart Swap,617,x,,<a href=https://,www.google.com,>,</a><br/>
Psychic,Psycho Cut,618,x,,<a href=https://,www.google.com,>,</a><br/>
Psychic,Zen Headbutt,619,x,,<a href=https://,www.google.com,>,</a><br/>
Psychic,Trick Room,620,x,,<a href=https://,www.google.com,>,</a><br/>
Psychic,Lunar Dance,621,x,,<a href=https://,www.google.com,>,</a><br/>
Psychic,Guard Split,622,x,,<a href=https://,www.google.com,>,</a><br/>
Psychic,Power Split,623,x,,<a href=https://,www.google.com,>,</a><br/>
Psychic,Wonder Room,624,x,,<a href=https://,www.google.com,>,</a><br/>
Psychic,Psyshock,625,x,,<a href=https://,www.google.com,>,</a><br/>
Psychic,Telekinesis,626,x,,<a href=https://,www.google.com,>,</a><br/>
Psychic,Magic Room,627,x,,<a href=https://,www.google.com,>,</a><br/>
Psychic,Synchronoise,628,x,,<a href=https://,www.google.com,>,</a><br/>
Psychic,Stored Power,629,x,,<a href=https://,www.google.com,>,</a><br/>
Psychic,Ally Switch,630,x,,<a href=https://,www.google.com,>,</a><br/>
Psychic,Heal Pulse,631,x,,<a href=https://,www.google.com,>,</a><br/>
Psychic,Heart Stamp,632,x,,<a href=https://,www.google.com,>,</a><br/>
Psychic,Psystrike,633,x,,<a href=https://,www.google.com,>,</a><br/>
Psychic,Hyperspace Hole,634,x,,<a href=https://,www.google.com,>,</a><br/>
Psychic,Shattered Psyche,635,x,,<a href=https://,www.google.com,>,</a><br/>
Psychic,Psychic Terrain,636,x,,<a href=https://,www.google.com,>,</a><br/>
Psychic,Speed Swap,637,x,,<a href=https://,www.google.com,>,</a><br/>
Psychic,Instruct,638,x,,<a href=https://,www.google.com,>,</a><br/>
Psychic,Genesis Supernova,639,x,,<a href=https://,www.google.com,>,</a><br/>
Psychic,Psychic Fangs,640,x,,<a href=https://,www.google.com,>,</a><br/>
Psychic,Prismatic Laser,641,x,,<a href=https://,www.google.com,>,</a><br/>
Psychic,Photon Geyser,642,x,,<a href=https://,www.google.com,>,</a><br/>
Psychic,Light That Burns the Sky,643,x,,<a href=https://,www.google.com,>,</a><br/>
Psychic,Glitzy Glow,644,x,,<a href=https://,www.google.com,>,</a><br/>
Rock,Rock Throw,645,<a href=https://www.workoutlabs.com/exercise-guide/wall-push-ups-pushups/>Rock Throw</a><br/>,,<a href=https://,www.workoutlabs.com/exercise-guide/wall-push-ups-pushups/,>,</a><br/>
Rock,Rock Slide,646,<a href=https://www.workoutlabs.com/exercise-guide/spiderman-push-ups-pushups/>Rock Slide</a><br/>,,<a href=https://,www.workoutlabs.com/exercise-guide/spiderman-push-ups-pushups/,>,</a><br/>
Rock,Sandstorm,647,<a href=https://www.workoutlabs.com/exercise-guide/shadow-boxing/>Sandstorm</a><br/>,,<a href=https://,www.workoutlabs.com/exercise-guide/shadow-boxing/,>,</a><br/>
Rock,Rollout,648,<a href=https://www.workoutlabs.com/exercise-guide/one-arm-side-push-ups/>Rollout</a><br/>,,<a href=https://,www.workoutlabs.com/exercise-guide/one-arm-side-push-ups/,>,</a><br/>
Rock,Ancient Power,649,<a href=https://www.workoutlabs.com/exercise-guide/half-modified-one-leg-push-ups/>Ancient Power</a><br/>,,<a href=https://,www.workoutlabs.com/exercise-guide/half-modified-one-leg-push-ups/,>,</a><br/>
Rock,Rock Tomb,650,<a href=https://www.workoutlabs.com/exercise-guide/diamond-tricep-pushup-pushups/>Rock Tomb</a><br/>,,<a href=https://,www.workoutlabs.com/exercise-guide/diamond-tricep-pushup-pushups/,>,</a><br/>
Rock,Rock Blast,651,<a href=https://www.workoutlabs.com/exercise-guide/chair-bench-tricep-dips/>Rock Blast</a><br/>,,<a href=https://,www.workoutlabs.com/exercise-guide/chair-bench-tricep-dips/,>,</a><br/>
Rock,Rock Polish,652,x,,<a href=https://,www.google.com,>,</a><br/>
Rock,Power Gem,653,x,,<a href=https://,www.google.com,>,</a><br/>
Rock,Rock Wrecker,654,x,,<a href=https://,www.google.com,>,</a><br/>
Rock,Stone Edge,655,x,,<a href=https://,www.google.com,>,</a><br/>
Rock,Stealth Rock,656,x,,<a href=https://,www.google.com,>,</a><br/>
Rock,Head Smash,657,x,,<a href=https://,www.google.com,>,</a><br/>
Rock,Wide Guard,658,x,,<a href=https://,www.google.com,>,</a><br/>
Rock,Smack Down,659,x,,<a href=https://,www.google.com,>,</a><br/>
Rock,Diamond Storm,660,x,,<a href=https://,www.google.com,>,</a><br/>
Rock,Continental Crush,661,x,,<a href=https://,www.google.com,>,</a><br/>
Rock,Accelerock,662,x,,<a href=https://,www.google.com,>,</a><br/>
Rock,Splintered Stormshards,663,x,,<a href=https://,www.google.com,>,</a><br/>
Steel,Steel Wing,664,<a href=https://www.workoutlabs.com/exercise-guide/standing-arm-circles/>Steel Wing</a><br/>,,<a href=https://,www.workoutlabs.com/exercise-guide/standing-arm-circles/,>,</a><br/>
Steel,Iron Tail,665,<a href=https://www.workoutlabs.com/exercise-guide/staggered-hand-push-ups-pushups/>Iron Tail</a><br/>,,<a href=https://,www.workoutlabs.com/exercise-guide/staggered-hand-push-ups-pushups/,>,</a><br/>
Steel,Metal Claw,666,<a href=https://www.workoutlabs.com/exercise-guide/spiderman-push-ups-pushups/>Metal Claw</a><br/>,,<a href=https://,www.workoutlabs.com/exercise-guide/spiderman-push-ups-pushups/,>,</a><br/>
Steel,Meteor Mash,667,<a href=https://www.workoutlabs.com/exercise-guide/raised-leg-push-ups/>Meteor Mash</a><br/>,,<a href=https://,www.workoutlabs.com/exercise-guide/raised-leg-push-ups/,>,</a><br/>
Steel,Metal Sound,668,<a href=https://www.workoutlabs.com/exercise-guide/pushups/>Metal Sound</a><br/>,,<a href=https://,www.workoutlabs.com/exercise-guide/pushups/,>,</a><br/>
Steel,Iron Defense,669,<a href=https://www.workoutlabs.com/exercise-guide/plank-to-push-up-pushups-walking-plank/>Iron Defense</a><br/>,,<a href=https://,www.workoutlabs.com/exercise-guide/plank-to-push-up-pushups-walking-plank/,>,</a><br/>
Steel,Doom Desire,670,<a href=https://www.workoutlabs.com/exercise-guide/plank-to-push-up-pushups-walking-plank/>Doom Desire</a><br/>,,<a href=https://,www.workoutlabs.com/exercise-guide/plank-to-push-up-pushups-walking-plank/,>,</a><br/>
Steel,Gyro Ball,671,<a href=https://www.workoutlabs.com/exercise-guide/plank-to-push-up-pushups-walking-plank/>Gyro Ball</a><br/>,,<a href=https://,www.workoutlabs.com/exercise-guide/plank-to-push-up-pushups-walking-plank/,>,</a><br/>
Steel,Metal Burst,672,<a href=https://www.workoutlabs.com/exercise-guide/one-arm-side-push-ups/>Metal Burst</a><br/>,,<a href=https://,www.workoutlabs.com/exercise-guide/one-arm-side-push-ups/,>,</a><br/>
Steel,Bullet Punch,673,<a href=https://www.workoutlabs.com/exercise-guide/one-arm-side-push-ups/>Bullet Punch</a><br/>,,<a href=https://,www.workoutlabs.com/exercise-guide/one-arm-side-push-ups/,>,</a><br/>
Steel,Mirror Shot,674,<a href=https://www.workoutlabs.com/exercise-guide/modified-pushups-pushups/>Mirror Shot</a><br/>,,<a href=https://,www.workoutlabs.com/exercise-guide/modified-pushups-pushups/,>,</a><br/>
Steel,Flash Cannon,675,<a href=https://www.workoutlabs.com/exercise-guide/hindu-judo-push-up-dive-bombers/>Flash Cannon</a><br/>,,<a href=https://,www.workoutlabs.com/exercise-guide/hindu-judo-push-up-dive-bombers/,>,</a><br/>
Steel,Iron Head,676,<a href=https://www.workoutlabs.com/exercise-guide/half-modified-one-leg-push-ups/>Iron Head</a><br/>,,<a href=https://,www.workoutlabs.com/exercise-guide/half-modified-one-leg-push-ups/,>,</a><br/>
Steel,Magnet Bomb,677,<a href=https://www.workoutlabs.com/exercise-guide/crab-walks/>Magnet Bomb</a><br/>,,<a href=https://,www.workoutlabs.com/exercise-guide/crab-walks/,>,</a><br/>
Steel,Autotomize,678,<a href=https://www.workoutlabs.com/exercise-guide/crab-toe-touches/>Autotomize</a><br/>,,<a href=https://,www.workoutlabs.com/exercise-guide/crab-toe-touches/,>,</a><br/>
Steel,Heavy Slam,679,<a href=https://www.workoutlabs.com/exercise-guide/body-weight-shoulder-press/>Heavy Slam</a><br/>,,<a href=https://,www.workoutlabs.com/exercise-guide/body-weight-shoulder-press/,>,</a><br/>
Steel,Shift Gear,680,<a href=https://www.workoutlabs.com/exercise-guide/bear-crawls/>Shift Gear</a><br/>,,<a href=https://,www.workoutlabs.com/exercise-guide/bear-crawls/,>,</a><br/>
Steel,Gear Grind,681,x,,<a href=https://,www.google.com,>,</a><br/>
Steel,King's Shield,682,x,,<a href=https://,www.google.com,>,</a><br/>
Steel,Corkscrew Crash,683,x,,<a href=https://,www.google.com,>,</a><br/>
Steel,Gear Up,684,x,,<a href=https://,www.google.com,>,</a><br/>
Steel,Anchor Shot,685,x,,<a href=https://,www.google.com,>,</a><br/>
Steel,Smart Strike,686,x,,<a href=https://,www.google.com,>,</a><br/>
Steel,Sunsteel Strike,687,x,,<a href=https://,www.google.com,>,</a><br/>
Steel,Searing Sunraze Smash,688,x,,<a href=https://,www.google.com,>,</a><br/>
Steel,Double Iron Bash,689,x,,<a href=https://,www.google.com,>,</a><br/>
Water,Water Gun,690,x,,<a href=https://,www.google.com,>,</a><br/>
Water,Hydro Pump,691,x,,<a href=https://,www.google.com,>,</a><br/>
Water,Surf,692,x,,<a href=https://,www.google.com,>,</a><br/>
Water,Bubble Beam,693,x,,<a href=https://,www.google.com,>,</a><br/>
Water,Withdraw,694,x,,<a href=https://,www.google.com,>,</a><br/>
Water,Waterfall,695,x,,<a href=https://,www.google.com,>,</a><br/>
Water,Clamp,696,x,,<a href=https://,www.google.com,>,</a><br/>
Water,Bubble,697,x,,<a href=https://,www.google.com,>,</a><br/>
Water,Crabhammer,698,x,,<a href=https://,www.google.com,>,</a><br/>
Water,Octazooka,699,x,,<a href=https://,www.google.com,>,</a><br/>
Water,Rain Dance,700,x,,<a href=https://,www.google.com,>,</a><br/>
Water,Whirlpool,701,x,,<a href=https://,www.google.com,>,</a><br/>
Water,Dive,702,x,,<a href=https://,www.google.com,>,</a><br/>
Water,Hydro Cannon,703,x,,<a href=https://,www.google.com,>,</a><br/>
Water,Water Spout,704,x,,<a href=https://,www.google.com,>,</a><br/>
Water,Muddy Water,705,x,,<a href=https://,www.google.com,>,</a><br/>
Water,Water Sport,706,x,,<a href=https://,www.google.com,>,</a><br/>
Water,Water Pulse,707,x,,<a href=https://,www.google.com,>,</a><br/>
Water,Brine,708,x,,<a href=https://,www.google.com,>,</a><br/>
Water,Aqua Ring,709,x,,<a href=https://,www.google.com,>,</a><br/>
Water,Aqua Tail,710,x,,<a href=https://,www.google.com,>,</a><br/>
Water,Aqua Jet,711,x,,<a href=https://,www.google.com,>,</a><br/>
Water,Soak,712,x,,<a href=https://,www.google.com,>,</a><br/>
Water,Scald,713,x,,<a href=https://,www.google.com,>,</a><br/>
Water,Water Pledge,714,x,,<a href=https://,www.google.com,>,</a><br/>
Water,Razor Shell,715,x,,<a href=https://,www.google.com,>,</a><br/>
Water,Steam Eruption,716,x,,<a href=https://,www.google.com,>,</a><br/>
Water,Water Shuriken,717,x,,<a href=https://,www.google.com,>,</a><br/>
Water,Origin Pulse,718,x,,<a href=https://,www.google.com,>,</a><br/>
Water,Hydro Vortex,719,x,,<a href=https://,www.google.com,>,</a><br/>
Water,Sparkling Aria,720,x,,<a href=https://,www.google.com,>,</a><br/>
Water,Oceanic Operetta,721,x,,<a href=https://,www.google.com,>,</a><br/>
Water,Liquidation,722,x,,<a href=https://,www.google.com,>,</a><br/>
Water,Splishy Splash,723,x,,<a href=https://,www.google.com,>,</a><br/>
Water,Bouncy Bubble,724,x,,<a href=https://,www.google.com,>,</a><br/>
