dexNum,Pokemon,Type1,Type2,Type3,Type4,Type5,Type6,Type7
1,Bulbasaur,Grass,Poison,xxxxx,xxxxx,xxxxx,xxxxx,xxxxx
2,Ivysaur,Grass,Poison,xxxxx,xxxxx,xxxxx,xxxxx,xxxxx
3,Venusaur,Grass,Poison,xxxxx,xxxxx,xxxxx,xxxxx,xxxxx
4,Charmander,Fire,xxxxx,xxxxx,xxxxx,xxxxx,xxxxx,xxxxx
5,Charmeleon,Fire,xxxxx,xxxxx,xxxxx,xxxxx,xxxxx,xxxxx
6,Charizard,Fire,Flying,xxxxx,xxxxx,xxxxx,xxxxx,xxxxx
7,Squirtle,Water,xxxxx,xxxxx,xxxxx,xxxxx,xxxxx,xxxxx
8,Wartortle,Water,xxxxx,xxxxx,xxxxx,xxxxx,xxxxx,xxxxx
9,Blastoise,Water,xxxxx,xxxxx,xxxxx,xxxxx,xxxxx,xxxxx
10,Caterpie,Bug,xxxxx,xxxxx,xxxxx,xxxxx,xxxxx,xxxxx
11,Metapod,Bug,xxxxx,xxxxx,xxxxx,xxxxx,xxxxx,xxxxx
12,Butterfree,Bug,Flying,xxxxx,xxxxx,xxxxx,xxxxx,xxxxx
13,Weedle,Bug,Poison,xxxxx,xxxxx,xxxxx,xxxxx,xxxxx
14,Kakuna,Bug,Poison,xxxxx,xxxxx,xxxxx,xxxxx,xxxxx
15,Beedrill,Bug,Poison,xxxxx,xxxxx,xxxxx,xxxxx,xxxxx
16,Pidgey,Normal,Flying,xxxxx,xxxxx,xxxxx,xxxxx,xxxxx
17,Pidgeotto,Normal,Flying,xxxxx,xxxxx,xxxxx,xxxxx,xxxxx
18,Pidgeot,Normal,Flying,xxxxx,xxxxx,xxxxx,xxxxx,xxxxx
19,Rattata,Dark,Normal,xxxxx,xxxxx,xxxxx,xxxxx,xxxxx
20,Raticate,Dark,Normal,xxxxx,xxxxx,xxxxx,xxxxx,xxxxx
21,Spearow,Normal,Flying,xxxxx,xxxxx,xxxxx,xxxxx,xxxxx
22,Fearow,Normal,Flying,xxxxx,xxxxx,xxxxx,xxxxx,xxxxx
23,Ekans,Poison,xxxxx,xxxxx,xxxxx,xxxxx,xxxxx,xxxxx
24,Arbok,Poison,xxxxx,xxxxx,xxxxx,xxxxx,xxxxx,xxxxx
25,Pikachu,Electric,xxxxx,xxxxx,xxxxx,xxxxx,xxxxx,xxxxx
26,Raichu,Electric,Psychic,xxxxx,xxxxx,xxxxx,xxxxx,xxxxx
27,Sandshrew,Ice,Steel,xxxxx,xxxxx,xxxxx,xxxxx,xxxxx
28,Sandslash,Ice,Steel,xxxxx,xxxxx,xxxxx,xxxxx,xxxxx
29,Nidoran♀,Poison,xxxxx,xxxxx,xxxxx,xxxxx,xxxxx,xxxxx
30,Nidorina,Poison,xxxxx,xxxxx,xxxxx,xxxxx,xxxxx,xxxxx
31,Nidoqueen,Poison,Ground,xxxxx,xxxxx,xxxxx,xxxxx,xxxxx
32,Nidoran♂,Poison,xxxxx,xxxxx,xxxxx,xxxxx,xxxxx,xxxxx
33,Nidorino,Poison,xxxxx,xxxxx,xxxxx,xxxxx,xxxxx,xxxxx
34,Nidoking,Poison,Ground,xxxxx,xxxxx,xxxxx,xxxxx,xxxxx
35,Clefairy,Fairy,xxxxx,xxxxx,xxxxx,xxxxx,xxxxx,xxxxx
36,Clefable,Fairy,xxxxx,xxxxx,xxxxx,xxxxx,xxxxx,xxxxx
37,Vulpix,Fire,Ice,xxxxx,xxxxx,xxxxx,xxxxx,xxxxx
38,Ninetales,Fire,Ice,Fairy,xxxxx,xxxxx,xxxxx,xxxxx
39,Jigglypuff,Normal,Fairy,xxxxx,xxxxx,xxxxx,xxxxx,xxxxx
40,Wigglytuff,Normal,Fairy,xxxxx,xxxxx,xxxxx,xxxxx,xxxxx
41,Zubat,Poison,Flying,xxxxx,xxxxx,xxxxx,xxxxx,xxxxx
42,Golbat,Poison,Flying,xxxxx,xxxxx,xxxxx,xxxxx,xxxxx
43,Oddish,Grass,Poison,xxxxx,xxxxx,xxxxx,xxxxx,xxxxx
44,Gloom,Grass,Poison,xxxxx,xxxxx,xxxxx,xxxxx,xxxxx
45,Vileplume,Grass,Poison,xxxxx,xxxxx,xxxxx,xxxxx,xxxxx
46,Paras,Bug,Grass,xxxxx,xxxxx,xxxxx,xxxxx,xxxxx
47,Parasect,Bug,Grass,xxxxx,xxxxx,xxxxx,xxxxx,xxxxx
48,Venonat,Bug,Poison,xxxxx,xxxxx,xxxxx,xxxxx,xxxxx
49,Venomoth,Bug,Poison,xxxxx,xxxxx,xxxxx,xxxxx,xxxxx
50,Diglett,Ground,Steel,xxxxx,xxxxx,xxxxx,xxxxx,xxxxx
51,Dugtrio,Ground,Steel,xxxxx,xxxxx,xxxxx,xxxxx,xxxxx
52,Meowth,Normal,Dark,xxxxx,xxxxx,xxxxx,xxxxx,xxxxx
53,Persian,Normal,Dark,xxxxx,xxxxx,xxxxx,xxxxx,xxxxx
54,Psyduck,Water,xxxxx,xxxxx,xxxxx,xxxxx,xxxxx,xxxxx
55,Golduck,Water,xxxxx,xxxxx,xxxxx,xxxxx,xxxxx,xxxxx
56,Mankey,Fighting,xxxxx,xxxxx,xxxxx,xxxxx,xxxxx,xxxxx
57,Primeape,Fighting,xxxxx,xxxxx,xxxxx,xxxxx,xxxxx,xxxxx
58,Growlithe,Fire,xxxxx,xxxxx,xxxxx,xxxxx,xxxxx,xxxxx
59,Arcanine,Fire,xxxxx,xxxxx,xxxxx,xxxxx,xxxxx,xxxxx
60,Poliwag,Water,xxxxx,xxxxx,xxxxx,xxxxx,xxxxx,xxxxx
61,Poliwhirl,Water,xxxxx,xxxxx,xxxxx,xxxxx,xxxxx,xxxxx
62,Poliwrath,Water,Fighting,xxxxx,xxxxx,xxxxx,xxxxx,xxxxx
63,Abra,Psychic,xxxxx,xxxxx,xxxxx,xxxxx,xxxxx,xxxxx
64,Kadabra,Psychic,xxxxx,xxxxx,xxxxx,xxxxx,xxxxx,xxxxx
65,Alakazam,Psychic,xxxxx,xxxxx,xxxxx,xxxxx,xxxxx,xxxxx
66,Machop,Fighting,xxxxx,xxxxx,xxxxx,xxxxx,xxxxx,xxxxx
67,Machoke,Fighting,xxxxx,xxxxx,xxxxx,xxxxx,xxxxx,xxxxx
68,Machamp,Fighting,xxxxx,xxxxx,xxxxx,xxxxx,xxxxx,xxxxx
69,Bellsprout,Grass,Poison,xxxxx,xxxxx,xxxxx,xxxxx,xxxxx
70,Weepinbell,Grass,Poison,xxxxx,xxxxx,xxxxx,xxxxx,xxxxx
71,Victreebel,Grass,Poison,xxxxx,xxxxx,xxxxx,xxxxx,xxxxx
72,Tentacool,Water,Poison,xxxxx,xxxxx,xxxxx,xxxxx,xxxxx
73,Tentacruel,Water,Poison,xxxxx,xxxxx,xxxxx,xxxxx,xxxxx
74,Geodude,Rock,Ground,Electric,xxxxx,xxxxx,xxxxx,xxxxx
75,Graveler,Rock,Ground,Electric,xxxxx,xxxxx,xxxxx,xxxxx
76,Golem,Rock,Ground,Electric,xxxxx,xxxxx,xxxxx,xxxxx
77,Ponyta,Fire,xxxxx,xxxxx,xxxxx,xxxxx,xxxxx,xxxxx
78,Rapidash,Fire,xxxxx,xxxxx,xxxxx,xxxxx,xxxxx,xxxxx
79,Slowpoke,Water,Psychic,xxxxx,xxxxx,xxxxx,xxxxx,xxxxx
80,Slowbro,Water,Psychic,xxxxx,xxxxx,xxxxx,xxxxx,xxxxx
81,Magnemite,Electric,Steel,xxxxx,xxxxx,xxxxx,xxxxx,xxxxx
82,Magneton,Electric,Steel,xxxxx,xxxxx,xxxxx,xxxxx,xxxxx
83,Farfetch'd,Normal,Flying,xxxxx,xxxxx,xxxxx,xxxxx,xxxxx
84,Doduo,Normal,Flying,xxxxx,xxxxx,xxxxx,xxxxx,xxxxx
85,Dodrio,Normal,Flying,xxxxx,xxxxx,xxxxx,xxxxx,xxxxx
86,Seel,Water,xxxxx,xxxxx,xxxxx,xxxxx,xxxxx,xxxxx
87,Dewgong,Water,Ice,xxxxx,xxxxx,xxxxx,xxxxx,xxxxx
88,Grimer,Poison,Dark,xxxxx,xxxxx,xxxxx,xxxxx,xxxxx
89,Muk,Poison,Dark,xxxxx,xxxxx,xxxxx,xxxxx,xxxxx
90,Shellder,Water,xxxxx,xxxxx,xxxxx,xxxxx,xxxxx,xxxxx
91,Cloyster,Water,Ice,xxxxx,xxxxx,xxxxx,xxxxx,xxxxx
92,Gastly,Ghost,Poison,xxxxx,xxxxx,xxxxx,xxxxx,xxxxx
93,Haunter,Ghost,Poison,xxxxx,xxxxx,xxxxx,xxxxx,xxxxx
94,Gengar,Ghost,Poison,xxxxx,xxxxx,xxxxx,xxxxx,xxxxx
95,Onix,Rock,Ground,xxxxx,xxxxx,xxxxx,xxxxx,xxxxx
96,Drowzee,Psychic,xxxxx,xxxxx,xxxxx,xxxxx,xxxxx,xxxxx
97,Hypno,Psychic,xxxxx,xxxxx,xxxxx,xxxxx,xxxxx,xxxxx
98,Krabby,Water,xxxxx,xxxxx,xxxxx,xxxxx,xxxxx,xxxxx
99,Kingler,Water,xxxxx,xxxxx,xxxxx,xxxxx,xxxxx,xxxxx
100,Voltorb,Electric,xxxxx,xxxxx,xxxxx,xxxxx,xxxxx,xxxxx
101,Electrode,Electric,xxxxx,xxxxx,xxxxx,xxxxx,xxxxx,xxxxx
102,Exeggcute,Grass,Psychic,xxxxx,xxxxx,xxxxx,xxxxx,xxxxx
103,Exeggutor,Grass,Psychic,Dragon,xxxxx,xxxxx,xxxxx,xxxxx
104,Cubone,Ground,xxxxx,xxxxx,xxxxx,xxxxx,xxxxx,xxxxx
105,Marowak,Ground,Fire,Ghost,xxxxx,xxxxx,xxxxx,xxxxx
106,Hitmonlee,Fighting,xxxxx,xxxxx,xxxxx,xxxxx,xxxxx,xxxxx
107,Hitmonchan,Fighting,xxxxx,xxxxx,xxxxx,xxxxx,xxxxx,xxxxx
108,Lickitung,Normal,xxxxx,xxxxx,xxxxx,xxxxx,xxxxx,xxxxx
109,Koffing,Poison,xxxxx,xxxxx,xxxxx,xxxxx,xxxxx,xxxxx
110,Weezing,Poison,xxxxx,xxxxx,xxxxx,xxxxx,xxxxx,xxxxx
111,Rhyhorn,Ground,Rock,xxxxx,xxxxx,xxxxx,xxxxx,xxxxx
112,Rhydon,Ground,Rock,xxxxx,xxxxx,xxxxx,xxxxx,xxxxx
113,Chansey,Normal,xxxxx,xxxxx,xxxxx,xxxxx,xxxxx,xxxxx
114,Tangela,Grass,xxxxx,xxxxx,xxxxx,xxxxx,xxxxx,xxxxx
115,Kangaskhan,Normal,xxxxx,xxxxx,xxxxx,xxxxx,xxxxx,xxxxx
116,Horsea,Water,xxxxx,xxxxx,xxxxx,xxxxx,xxxxx,xxxxx
117,Seadra,Water,xxxxx,xxxxx,xxxxx,xxxxx,xxxxx,xxxxx
118,Goldeen,Water,xxxxx,xxxxx,xxxxx,xxxxx,xxxxx,xxxxx
119,Seaking,Water,xxxxx,xxxxx,xxxxx,xxxxx,xxxxx,xxxxx
120,Staryu,Water,xxxxx,xxxxx,xxxxx,xxxxx,xxxxx,xxxxx
121,Starmie,Water,Psychic,xxxxx,xxxxx,xxxxx,xxxxx,xxxxx
122,Mr. Mime,Psychic,Fairy,xxxxx,xxxxx,xxxxx,xxxxx,xxxxx
123,Scyther,Bug,Flying,xxxxx,xxxxx,xxxxx,xxxxx,xxxxx
124,Jynx,Ice,Psychic,xxxxx,xxxxx,xxxxx,xxxxx,xxxxx
125,Electabuzz,Electric,xxxxx,xxxxx,xxxxx,xxxxx,xxxxx,xxxxx
126,Magmar,Fire,xxxxx,xxxxx,xxxxx,xxxxx,xxxxx,xxxxx
127,Pinsir,Bug,xxxxx,xxxxx,xxxxx,xxxxx,xxxxx,xxxxx
128,Tauros,Normal,xxxxx,xxxxx,xxxxx,xxxxx,xxxxx,xxxxx
129,Magikarp,Water,xxxxx,xxxxx,xxxxx,xxxxx,xxxxx,xxxxx
130,Gyarados,Water,Flying,xxxxx,xxxxx,xxxxx,xxxxx,xxxxx
131,Lapras,Water,Ice,xxxxx,xxxxx,xxxxx,xxxxx,xxxxx
132,Ditto,Normal,xxxxx,xxxxx,xxxxx,xxxxx,xxxxx,xxxxx
133,Eevee,Normal,xxxxx,xxxxx,xxxxx,xxxxx,xxxxx,xxxxx
134,Vaporeon,Water,xxxxx,xxxxx,xxxxx,xxxxx,xxxxx,xxxxx
135,Jolteon,Electric,xxxxx,xxxxx,xxxxx,xxxxx,xxxxx,xxxxx
136,Flareon,Fire,xxxxx,xxxxx,xxxxx,xxxxx,xxxxx,xxxxx
137,Porygon,Normal,xxxxx,xxxxx,xxxxx,xxxxx,xxxxx,xxxxx
138,Omanyte,Rock,Water,xxxxx,xxxxx,xxxxx,xxxxx,xxxxx
139,Omastar,Rock,Water,xxxxx,xxxxx,xxxxx,xxxxx,xxxxx
140,Kabuto,Rock,Water,xxxxx,xxxxx,xxxxx,xxxxx,xxxxx
141,Kabutops,Rock,Water,xxxxx,xxxxx,xxxxx,xxxxx,xxxxx
142,Aerodactyl,Rock,Flying,xxxxx,xxxxx,xxxxx,xxxxx,xxxxx
143,Snorlax,Normal,xxxxx,xxxxx,xxxxx,xxxxx,xxxxx,xxxxx
144,Articuno,Ice,Flying,xxxxx,xxxxx,xxxxx,xxxxx,xxxxx
145,Zapdos,Electric,Flying,xxxxx,xxxxx,xxxxx,xxxxx,xxxxx
146,Moltres,Fire,Flying,xxxxx,xxxxx,xxxxx,xxxxx,xxxxx
147,Dratini,Dragon,xxxxx,xxxxx,xxxxx,xxxxx,xxxxx,xxxxx
148,Dragonair,Dragon,xxxxx,xxxxx,xxxxx,xxxxx,xxxxx,xxxxx
149,Dragonite,Dragon,Flying,xxxxx,xxxxx,xxxxx,xxxxx,xxxxx
150,Mewtwo,Psychic,xxxxx,xxxxx,xxxxx,xxxxx,xxxxx,xxxxx
151,Mew,Psychic,xxxxx,xxxxx,xxxxx,xxxxx,xxxxx,xxxxx
152,Chikorita,Grass,xxxxx,xxxxx,xxxxx,xxxxx,xxxxx,xxxxx
153,Bayleef,Grass,xxxxx,xxxxx,xxxxx,xxxxx,xxxxx,xxxxx
154,Meganium,Grass,xxxxx,xxxxx,xxxxx,xxxxx,xxxxx,xxxxx
155,Cyndaquil,Fire,xxxxx,xxxxx,xxxxx,xxxxx,xxxxx,xxxxx
156,Quilava,Fire,xxxxx,xxxxx,xxxxx,xxxxx,xxxxx,xxxxx
157,Typhlosion,Fire,xxxxx,xxxxx,xxxxx,xxxxx,xxxxx,xxxxx
158,Totodile,Water,xxxxx,xxxxx,xxxxx,xxxxx,xxxxx,xxxxx
159,Croconaw,Water,xxxxx,xxxxx,xxxxx,xxxxx,xxxxx,xxxxx
160,Feraligatr,Water,xxxxx,xxxxx,xxxxx,xxxxx,xxxxx,xxxxx
161,Sentret,Normal,xxxxx,xxxxx,xxxxx,xxxxx,xxxxx,xxxxx
162,Furret,Normal,xxxxx,xxxxx,xxxxx,xxxxx,xxxxx,xxxxx
163,Hoothoot,Normal,Flying,xxxxx,xxxxx,xxxxx,xxxxx,xxxxx
164,Noctowl,Normal,Flying,xxxxx,xxxxx,xxxxx,xxxxx,xxxxx
165,Ledyba,Bug,Flying,xxxxx,xxxxx,xxxxx,xxxxx,xxxxx
166,Ledian,Bug,Flying,xxxxx,xxxxx,xxxxx,xxxxx,xxxxx
167,Spinarak,Bug,Poison,xxxxx,xxxxx,xxxxx,xxxxx,xxxxx
168,Ariados,Bug,Poison,xxxxx,xxxxx,xxxxx,xxxxx,xxxxx
169,Crobat,Poison,Flying,xxxxx,xxxxx,xxxxx,xxxxx,xxxxx
170,Chinchou,Water,Electric,xxxxx,xxxxx,xxxxx,xxxxx,xxxxx
171,Lanturn,Water,Electric,xxxxx,xxxxx,xxxxx,xxxxx,xxxxx
172,Pichu,Electric,xxxxx,xxxxx,xxxxx,xxxxx,xxxxx,xxxxx
173,Cleffa,Fairy,xxxxx,xxxxx,xxxxx,xxxxx,xxxxx,xxxxx
174,Igglybuff,Normal,Fairy,xxxxx,xxxxx,xxxxx,xxxxx,xxxxx
175,Togepi,Fairy,xxxxx,xxxxx,xxxxx,xxxxx,xxxxx,xxxxx
176,Togetic,Fairy,Flying,xxxxx,xxxxx,xxxxx,xxxxx,xxxxx
177,Natu,Psychic,Flying,xxxxx,xxxxx,xxxxx,xxxxx,xxxxx
178,Xatu,Psychic,Flying,xxxxx,xxxxx,xxxxx,xxxxx,xxxxx
179,Mareep,Electric,xxxxx,xxxxx,xxxxx,xxxxx,xxxxx,xxxxx
180,Flaaffy,Electric,xxxxx,xxxxx,xxxxx,xxxxx,xxxxx,xxxxx
181,Ampharos,Electric,xxxxx,xxxxx,xxxxx,xxxxx,xxxxx,xxxxx
182,Bellossom,Grass,xxxxx,xxxxx,xxxxx,xxxxx,xxxxx,xxxxx
183,Marill,Water,Fairy,xxxxx,xxxxx,xxxxx,xxxxx,xxxxx
184,Azumarill,Water,Fairy,xxxxx,xxxxx,xxxxx,xxxxx,xxxxx
185,Sudowoodo,Rock,xxxxx,xxxxx,xxxxx,xxxxx,xxxxx,xxxxx
186,Politoed,Water,xxxxx,xxxxx,xxxxx,xxxxx,xxxxx,xxxxx
187,Hoppip,Grass,Flying,xxxxx,xxxxx,xxxxx,xxxxx,xxxxx
188,Skiploom,Grass,Flying,xxxxx,xxxxx,xxxxx,xxxxx,xxxxx
189,Jumpluff,Grass,Flying,xxxxx,xxxxx,xxxxx,xxxxx,xxxxx
190,Aipom,Normal,xxxxx,xxxxx,xxxxx,xxxxx,xxxxx,xxxxx
191,Sunkern,Grass,xxxxx,xxxxx,xxxxx,xxxxx,xxxxx,xxxxx
192,Sunflora,Grass,xxxxx,xxxxx,xxxxx,xxxxx,xxxxx,xxxxx
193,Yanma,Bug,Flying,xxxxx,xxxxx,xxxxx,xxxxx,xxxxx
194,Wooper,Water,Ground,xxxxx,xxxxx,xxxxx,xxxxx,xxxxx
195,Quagsire,Water,Ground,xxxxx,xxxxx,xxxxx,xxxxx,xxxxx
196,Espeon,Psychic,xxxxx,xxxxx,xxxxx,xxxxx,xxxxx,xxxxx
197,Umbreon,Dark,xxxxx,xxxxx,xxxxx,xxxxx,xxxxx,xxxxx
198,Murkrow,Dark,Flying,xxxxx,xxxxx,xxxxx,xxxxx,xxxxx
199,Slowking,Water,Psychic,xxxxx,xxxxx,xxxxx,xxxxx,xxxxx
200,Misdreavus,Ghost,xxxxx,xxxxx,xxxxx,xxxxx,xxxxx,xxxxx
201,Unown,Psychic,xxxxx,xxxxx,xxxxx,xxxxx,xxxxx,xxxxx
202,Wobbuffet,Psychic,xxxxx,xxxxx,xxxxx,xxxxx,xxxxx,xxxxx
203,Girafarig,Normal,Psychic,xxxxx,xxxxx,xxxxx,xxxxx,xxxxx
204,Pineco,Bug,xxxxx,xxxxx,xxxxx,xxxxx,xxxxx,xxxxx
205,Forretress,Bug,Steel,xxxxx,xxxxx,xxxxx,xxxxx,xxxxx
206,Dunsparce,Normal,xxxxx,xxxxx,xxxxx,xxxxx,xxxxx,xxxxx
207,Gligar,Ground,Flying,xxxxx,xxxxx,xxxxx,xxxxx,xxxxx
208,Steelix,Steel,Ground,xxxxx,xxxxx,xxxxx,xxxxx,xxxxx
209,Snubbull,Fairy,xxxxx,xxxxx,xxxxx,xxxxx,xxxxx,xxxxx
210,Granbull,Fairy,xxxxx,xxxxx,xxxxx,xxxxx,xxxxx,xxxxx
211,Qwilfish,Water,Poison,xxxxx,xxxxx,xxxxx,xxxxx,xxxxx
212,Scizor,Bug,Steel,xxxxx,xxxxx,xxxxx,xxxxx,xxxxx
213,Shuckle,Bug,Rock,xxxxx,xxxxx,xxxxx,xxxxx,xxxxx
214,Heracross,Bug,Fighting,xxxxx,xxxxx,xxxxx,xxxxx,xxxxx
215,Sneasel,Dark,Ice,xxxxx,xxxxx,xxxxx,xxxxx,xxxxx
216,Teddiursa,Normal,xxxxx,xxxxx,xxxxx,xxxxx,xxxxx,xxxxx
217,Ursaring,Normal,xxxxx,xxxxx,xxxxx,xxxxx,xxxxx,xxxxx
218,Slugma,Fire,xxxxx,xxxxx,xxxxx,xxxxx,xxxxx,xxxxx
219,Magcargo,Fire,Rock,xxxxx,xxxxx,xxxxx,xxxxx,xxxxx
220,Swinub,Ice,Ground,xxxxx,xxxxx,xxxxx,xxxxx,xxxxx
221,Piloswine,Ice,Ground,xxxxx,xxxxx,xxxxx,xxxxx,xxxxx
222,Corsola,Water,Rock,xxxxx,xxxxx,xxxxx,xxxxx,xxxxx
223,Remoraid,Water,xxxxx,xxxxx,xxxxx,xxxxx,xxxxx,xxxxx
224,Octillery,Water,xxxxx,xxxxx,xxxxx,xxxxx,xxxxx,xxxxx
225,Delibird,Ice,Flying,xxxxx,xxxxx,xxxxx,xxxxx,xxxxx
226,Mantine,Water,Flying,xxxxx,xxxxx,xxxxx,xxxxx,xxxxx
227,Skarmory,Steel,Flying,xxxxx,xxxxx,xxxxx,xxxxx,xxxxx
228,Houndour,Dark,Fire,xxxxx,xxxxx,xxxxx,xxxxx,xxxxx
229,Houndoom,Dark,Fire,xxxxx,xxxxx,xxxxx,xxxxx,xxxxx
230,Kingdra,Water,Dragon,xxxxx,xxxxx,xxxxx,xxxxx,xxxxx
231,Phanpy,Ground,xxxxx,xxxxx,xxxxx,xxxxx,xxxxx,xxxxx
232,Donphan,Ground,xxxxx,xxxxx,xxxxx,xxxxx,xxxxx,xxxxx
233,Porygon2,Normal,xxxxx,xxxxx,xxxxx,xxxxx,xxxxx,xxxxx
234,Stantler,Normal,xxxxx,xxxxx,xxxxx,xxxxx,xxxxx,xxxxx
235,Smeargle,Normal,xxxxx,xxxxx,xxxxx,xxxxx,xxxxx,xxxxx
236,Tyrogue,Fighting,xxxxx,xxxxx,xxxxx,xxxxx,xxxxx,xxxxx
237,Hitmontop,Fighting,xxxxx,xxxxx,xxxxx,xxxxx,xxxxx,xxxxx
238,Smoochum,Ice,Psychic,xxxxx,xxxxx,xxxxx,xxxxx,xxxxx
239,Elekid,Electric,xxxxx,xxxxx,xxxxx,xxxxx,xxxxx,xxxxx
240,Magby,Fire,xxxxx,xxxxx,xxxxx,xxxxx,xxxxx,xxxxx
241,Miltank,Normal,xxxxx,xxxxx,xxxxx,xxxxx,xxxxx,xxxxx
242,Blissey,Normal,xxxxx,xxxxx,xxxxx,xxxxx,xxxxx,xxxxx
243,Raikou,Electric,xxxxx,xxxxx,xxxxx,xxxxx,xxxxx,xxxxx
244,Entei,Fire,xxxxx,xxxxx,xxxxx,xxxxx,xxxxx,xxxxx
245,Suicune,Water,xxxxx,xxxxx,xxxxx,xxxxx,xxxxx,xxxxx
246,Larvitar,Rock,Ground,xxxxx,xxxxx,xxxxx,xxxxx,xxxxx
247,Pupitar,Rock,Ground,xxxxx,xxxxx,xxxxx,xxxxx,xxxxx
248,Tyranitar,Rock,Dark,xxxxx,xxxxx,xxxxx,xxxxx,xxxxx
249,Lugia,Psychic,Flying,xxxxx,xxxxx,xxxxx,xxxxx,xxxxx
250,Ho-Oh,Fire,Flying,xxxxx,xxxxx,xxxxx,xxxxx,xxxxx
251,Celebi,Psychic,Grass,xxxxx,xxxxx,xxxxx,xxxxx,xxxxx
252,Treecko,Grass,xxxxx,xxxxx,xxxxx,xxxxx,xxxxx,xxxxx
253,Grovyle,Grass,xxxxx,xxxxx,xxxxx,xxxxx,xxxxx,xxxxx
254,Sceptile,Grass,xxxxx,xxxxx,xxxxx,xxxxx,xxxxx,xxxxx
255,Torchic,Fire,xxxxx,xxxxx,xxxxx,xxxxx,xxxxx,xxxxx
256,Combusken,Fire,Fighting,xxxxx,xxxxx,xxxxx,xxxxx,xxxxx
257,Blaziken,Fire,Fighting,xxxxx,xxxxx,xxxxx,xxxxx,xxxxx
258,Mudkip,Water,xxxxx,xxxxx,xxxxx,xxxxx,xxxxx,xxxxx
259,Marshtomp,Water,Ground,xxxxx,xxxxx,xxxxx,xxxxx,xxxxx
260,Swampert,Water,Ground,xxxxx,xxxxx,xxxxx,xxxxx,xxxxx
261,Poochyena,Dark,xxxxx,xxxxx,xxxxx,xxxxx,xxxxx,xxxxx
262,Mightyena,Dark,xxxxx,xxxxx,xxxxx,xxxxx,xxxxx,xxxxx
263,Zigzagoon,Normal,xxxxx,xxxxx,xxxxx,xxxxx,xxxxx,xxxxx
264,Linoone,Normal,xxxxx,xxxxx,xxxxx,xxxxx,xxxxx,xxxxx
265,Wurmple,Bug,xxxxx,xxxxx,xxxxx,xxxxx,xxxxx,xxxxx
266,Silcoon,Bug,xxxxx,xxxxx,xxxxx,xxxxx,xxxxx,xxxxx
267,Beautifly,Bug,Flying,xxxxx,xxxxx,xxxxx,xxxxx,xxxxx
268,Cascoon,Bug,xxxxx,xxxxx,xxxxx,xxxxx,xxxxx,xxxxx
269,Dustox,Bug,Poison,xxxxx,xxxxx,xxxxx,xxxxx,xxxxx
270,Lotad,Water,Grass,xxxxx,xxxxx,xxxxx,xxxxx,xxxxx
271,Lombre,Water,Grass,xxxxx,xxxxx,xxxxx,xxxxx,xxxxx
272,Ludicolo,Water,Grass,xxxxx,xxxxx,xxxxx,xxxxx,xxxxx
273,Seedot,Grass,xxxxx,xxxxx,xxxxx,xxxxx,xxxxx,xxxxx
274,Nuzleaf,Grass,Dark,xxxxx,xxxxx,xxxxx,xxxxx,xxxxx
275,Shiftry,Grass,Dark,xxxxx,xxxxx,xxxxx,xxxxx,xxxxx
276,Taillow,Normal,Flying,xxxxx,xxxxx,xxxxx,xxxxx,xxxxx
277,Swellow,Normal,Flying,xxxxx,xxxxx,xxxxx,xxxxx,xxxxx
278,Wingull,Water,Flying,xxxxx,xxxxx,xxxxx,xxxxx,xxxxx
279,Pelipper,Water,Flying,xxxxx,xxxxx,xxxxx,xxxxx,xxxxx
280,Ralts,Psychic,Fairy,xxxxx,xxxxx,xxxxx,xxxxx,xxxxx
281,Kirlia,Psychic,Fairy,xxxxx,xxxxx,xxxxx,xxxxx,xxxxx
282,Gardevoir,Psychic,Fairy,xxxxx,xxxxx,xxxxx,xxxxx,xxxxx
283,Surskit,Bug,Water,xxxxx,xxxxx,xxxxx,xxxxx,xxxxx
284,Masquerain,Bug,Flying,xxxxx,xxxxx,xxxxx,xxxxx,xxxxx
285,Shroomish,Grass,xxxxx,xxxxx,xxxxx,xxxxx,xxxxx,xxxxx
286,Breloom,Grass,Fighting,xxxxx,xxxxx,xxxxx,xxxxx,xxxxx
287,Slakoth,Normal,xxxxx,xxxxx,xxxxx,xxxxx,xxxxx,xxxxx
288,Vigoroth,Normal,xxxxx,xxxxx,xxxxx,xxxxx,xxxxx,xxxxx
289,Slaking,Normal,xxxxx,xxxxx,xxxxx,xxxxx,xxxxx,xxxxx
290,Nincada,Bug,Ground,xxxxx,xxxxx,xxxxx,xxxxx,xxxxx
291,Ninjask,Bug,Flying,xxxxx,xxxxx,xxxxx,xxxxx,xxxxx
292,Shedinja,Bug,Ghost,xxxxx,xxxxx,xxxxx,xxxxx,xxxxx
293,Whismur,Normal,xxxxx,xxxxx,xxxxx,xxxxx,xxxxx,xxxxx
294,Loudred,Normal,xxxxx,xxxxx,xxxxx,xxxxx,xxxxx,xxxxx
295,Exploud,Normal,xxxxx,xxxxx,xxxxx,xxxxx,xxxxx,xxxxx
296,Makuhita,Fighting,xxxxx,xxxxx,xxxxx,xxxxx,xxxxx,xxxxx
297,Hariyama,Fighting,xxxxx,xxxxx,xxxxx,xxxxx,xxxxx,xxxxx
298,Azurill,Normal,Fairy,xxxxx,xxxxx,xxxxx,xxxxx,xxxxx
299,Nosepass,Rock,xxxxx,xxxxx,xxxxx,xxxxx,xxxxx,xxxxx
300,Skitty,Normal,xxxxx,xxxxx,xxxxx,xxxxx,xxxxx,xxxxx
301,Delcatty,Normal,xxxxx,xxxxx,xxxxx,xxxxx,xxxxx,xxxxx
302,Sableye,Dark,Ghost,xxxxx,xxxxx,xxxxx,xxxxx,xxxxx
303,Mawile,Steel,Fairy,xxxxx,xxxxx,xxxxx,xxxxx,xxxxx
304,Aron,Steel,Rock,xxxxx,xxxxx,xxxxx,xxxxx,xxxxx
305,Lairon,Steel,Rock,xxxxx,xxxxx,xxxxx,xxxxx,xxxxx
306,Aggron,Steel,Rock,xxxxx,xxxxx,xxxxx,xxxxx,xxxxx
307,Meditite,Fighting,Psychic,xxxxx,xxxxx,xxxxx,xxxxx,xxxxx
308,Medicham,Fighting,Psychic,xxxxx,xxxxx,xxxxx,xxxxx,xxxxx
309,Electrike,Electric,xxxxx,xxxxx,xxxxx,xxxxx,xxxxx,xxxxx
310,Manectric,Electric,xxxxx,xxxxx,xxxxx,xxxxx,xxxxx,xxxxx
311,Plusle,Electric,xxxxx,xxxxx,xxxxx,xxxxx,xxxxx,xxxxx
312,Minun,Electric,xxxxx,xxxxx,xxxxx,xxxxx,xxxxx,xxxxx
313,Volbeat,Bug,xxxxx,xxxxx,xxxxx,xxxxx,xxxxx,xxxxx
314,Illumise,Bug,xxxxx,xxxxx,xxxxx,xxxxx,xxxxx,xxxxx
315,Roselia,Grass,Poison,xxxxx,xxxxx,xxxxx,xxxxx,xxxxx
316,Gulpin,Poison,xxxxx,xxxxx,xxxxx,xxxxx,xxxxx,xxxxx
317,Swalot,Poison,xxxxx,xxxxx,xxxxx,xxxxx,xxxxx,xxxxx
318,Carvanha,Water,Dark,xxxxx,xxxxx,xxxxx,xxxxx,xxxxx
319,Sharpedo,Water,Dark,xxxxx,xxxxx,xxxxx,xxxxx,xxxxx
320,Wailmer,Water,xxxxx,xxxxx,xxxxx,xxxxx,xxxxx,xxxxx
321,Wailord,Water,xxxxx,xxxxx,xxxxx,xxxxx,xxxxx,xxxxx
322,Numel,Fire,Ground,xxxxx,xxxxx,xxxxx,xxxxx,xxxxx
323,Camerupt,Fire,Ground,xxxxx,xxxxx,xxxxx,xxxxx,xxxxx
324,Torkoal,Fire,xxxxx,xxxxx,xxxxx,xxxxx,xxxxx,xxxxx
325,Spoink,Psychic,xxxxx,xxxxx,xxxxx,xxxxx,xxxxx,xxxxx
326,Grumpig,Psychic,xxxxx,xxxxx,xxxxx,xxxxx,xxxxx,xxxxx
327,Spinda,Normal,xxxxx,xxxxx,xxxxx,xxxxx,xxxxx,xxxxx
328,Trapinch,Ground,xxxxx,xxxxx,xxxxx,xxxxx,xxxxx,xxxxx
329,Vibrava,Ground,Dragon,xxxxx,xxxxx,xxxxx,xxxxx,xxxxx
330,Flygon,Ground,Dragon,xxxxx,xxxxx,xxxxx,xxxxx,xxxxx
331,Cacnea,Grass,xxxxx,xxxxx,xxxxx,xxxxx,xxxxx,xxxxx
332,Cacturne,Grass,Dark,xxxxx,xxxxx,xxxxx,xxxxx,xxxxx
333,Swablu,Normal,Flying,xxxxx,xxxxx,xxxxx,xxxxx,xxxxx
334,Altaria,Dragon,Flying,xxxxx,xxxxx,xxxxx,xxxxx,xxxxx
335,Zangoose,Normal,xxxxx,xxxxx,xxxxx,xxxxx,xxxxx,xxxxx
336,Seviper,Poison,xxxxx,xxxxx,xxxxx,xxxxx,xxxxx,xxxxx
337,Lunatone,Rock,Psychic,xxxxx,xxxxx,xxxxx,xxxxx,xxxxx
338,Solrock,Rock,Psychic,xxxxx,xxxxx,xxxxx,xxxxx,xxxxx
339,Barboach,Water,Ground,xxxxx,xxxxx,xxxxx,xxxxx,xxxxx
340,Whiscash,Water,Ground,xxxxx,xxxxx,xxxxx,xxxxx,xxxxx
341,Corphish,Water,xxxxx,xxxxx,xxxxx,xxxxx,xxxxx,xxxxx
342,Crawdaunt,Water,Dark,xxxxx,xxxxx,xxxxx,xxxxx,xxxxx
343,Baltoy,Ground,Psychic,xxxxx,xxxxx,xxxxx,xxxxx,xxxxx
344,Claydol,Ground,Psychic,xxxxx,xxxxx,xxxxx,xxxxx,xxxxx
345,Lileep,Rock,Grass,xxxxx,xxxxx,xxxxx,xxxxx,xxxxx
346,Cradily,Rock,Grass,xxxxx,xxxxx,xxxxx,xxxxx,xxxxx
347,Anorith,Rock,Bug,xxxxx,xxxxx,xxxxx,xxxxx,xxxxx
348,Armaldo,Rock,Bug,xxxxx,xxxxx,xxxxx,xxxxx,xxxxx
349,Feebas,Water,xxxxx,xxxxx,xxxxx,xxxxx,xxxxx,xxxxx
350,Milotic,Water,xxxxx,xxxxx,xxxxx,xxxxx,xxxxx,xxxxx
351,Castform,Normal,Fire,Water,Ice,xxxxx,xxxxx,xxxxx
352,Kecleon,Normal,xxxxx,xxxxx,xxxxx,xxxxx,xxxxx,xxxxx
353,Shuppet,Ghost,xxxxx,xxxxx,xxxxx,xxxxx,xxxxx,xxxxx
354,Banette,Ghost,xxxxx,xxxxx,xxxxx,xxxxx,xxxxx,xxxxx
355,Duskull,Ghost,xxxxx,xxxxx,xxxxx,xxxxx,xxxxx,xxxxx
356,Dusclops,Ghost,xxxxx,xxxxx,xxxxx,xxxxx,xxxxx,xxxxx
357,Tropius,Grass,Flying,xxxxx,xxxxx,xxxxx,xxxxx,xxxxx
358,Chimecho,Psychic,xxxxx,xxxxx,xxxxx,xxxxx,xxxxx,xxxxx
359,Absol,Dark,xxxxx,xxxxx,xxxxx,xxxxx,xxxxx,xxxxx
360,Wynaut,Psychic,xxxxx,xxxxx,xxxxx,xxxxx,xxxxx,xxxxx
361,Snorunt,Ice,xxxxx,xxxxx,xxxxx,xxxxx,xxxxx,xxxxx
362,Glalie,Ice,xxxxx,xxxxx,xxxxx,xxxxx,xxxxx,xxxxx
363,Spheal,Ice,Water,xxxxx,xxxxx,xxxxx,xxxxx,xxxxx
364,Sealeo,Ice,Water,xxxxx,xxxxx,xxxxx,xxxxx,xxxxx
365,Walrein,Ice,Water,xxxxx,xxxxx,xxxxx,xxxxx,xxxxx
366,Clamperl,Water,xxxxx,xxxxx,xxxxx,xxxxx,xxxxx,xxxxx
367,Huntail,Water,xxxxx,xxxxx,xxxxx,xxxxx,xxxxx,xxxxx
368,Gorebyss,Water,xxxxx,xxxxx,xxxxx,xxxxx,xxxxx,xxxxx
369,Relicanth,Water,Rock,xxxxx,xxxxx,xxxxx,xxxxx,xxxxx
370,Luvdisc,Water,xxxxx,xxxxx,xxxxx,xxxxx,xxxxx,xxxxx
371,Bagon,Dragon,xxxxx,xxxxx,xxxxx,xxxxx,xxxxx,xxxxx
372,Shelgon,Dragon,xxxxx,xxxxx,xxxxx,xxxxx,xxxxx,xxxxx
373,Salamence,Dragon,Flying,xxxxx,xxxxx,xxxxx,xxxxx,xxxxx
374,Beldum,Steel,Psychic,xxxxx,xxxxx,xxxxx,xxxxx,xxxxx
375,Metang,Steel,Psychic,xxxxx,xxxxx,xxxxx,xxxxx,xxxxx
376,Metagross,Steel,Psychic,xxxxx,xxxxx,xxxxx,xxxxx,xxxxx
377,Regirock,Rock,xxxxx,xxxxx,xxxxx,xxxxx,xxxxx,xxxxx
378,Regice,Ice,xxxxx,xxxxx,xxxxx,xxxxx,xxxxx,xxxxx
379,Registeel,Steel,xxxxx,xxxxx,xxxxx,xxxxx,xxxxx,xxxxx
380,Latias,Dragon,Psychic,xxxxx,xxxxx,xxxxx,xxxxx,xxxxx
381,Latios,Dragon,Psychic,xxxxx,xxxxx,xxxxx,xxxxx,xxxxx
382,Kyogre,Water,xxxxx,xxxxx,xxxxx,xxxxx,xxxxx,xxxxx
383,Groudon,Ground,xxxxx,xxxxx,xxxxx,xxxxx,xxxxx,xxxxx
384,Rayquaza,Dragon,Flying,xxxxx,xxxxx,xxxxx,xxxxx,xxxxx
385,Jirachi,Steel,Psychic,xxxxx,xxxxx,xxxxx,xxxxx,xxxxx
386,Deoxys,Psychic,xxxxx,xxxxx,xxxxx,xxxxx,xxxxx,xxxxx
387,Turtwig,Grass,xxxxx,xxxxx,xxxxx,xxxxx,xxxxx,xxxxx
388,Grotle,Grass,xxxxx,xxxxx,xxxxx,xxxxx,xxxxx,xxxxx
389,Torterra,Grass,Ground,xxxxx,xxxxx,xxxxx,xxxxx,xxxxx
390,Chimchar,Fire,xxxxx,xxxxx,xxxxx,xxxxx,xxxxx,xxxxx
391,Monferno,Fire,Fighting,xxxxx,xxxxx,xxxxx,xxxxx,xxxxx
392,Infernape,Fire,Fighting,xxxxx,xxxxx,xxxxx,xxxxx,xxxxx
393,Piplup,Water,xxxxx,xxxxx,xxxxx,xxxxx,xxxxx,xxxxx
394,Prinplup,Water,xxxxx,xxxxx,xxxxx,xxxxx,xxxxx,xxxxx
395,Empoleon,Water,Steel,xxxxx,xxxxx,xxxxx,xxxxx,xxxxx
396,Starly,Normal,Flying,xxxxx,xxxxx,xxxxx,xxxxx,xxxxx
397,Staravia,Normal,Flying,xxxxx,xxxxx,xxxxx,xxxxx,xxxxx
398,Staraptor,Normal,Flying,xxxxx,xxxxx,xxxxx,xxxxx,xxxxx
399,Bidoof,Normal,xxxxx,xxxxx,xxxxx,xxxxx,xxxxx,xxxxx
400,Bibarel,Normal,Water,xxxxx,xxxxx,xxxxx,xxxxx,xxxxx
401,Kricketot,Bug,xxxxx,xxxxx,xxxxx,xxxxx,xxxxx,xxxxx
402,Kricketune,Bug,xxxxx,xxxxx,xxxxx,xxxxx,xxxxx,xxxxx
403,Shinx,Electric,xxxxx,xxxxx,xxxxx,xxxxx,xxxxx,xxxxx
404,Luxio,Electric,xxxxx,xxxxx,xxxxx,xxxxx,xxxxx,xxxxx
405,Luxray,Electric,xxxxx,xxxxx,xxxxx,xxxxx,xxxxx,xxxxx
406,Budew,Grass,Poison,xxxxx,xxxxx,xxxxx,xxxxx,xxxxx
407,Roserade,Grass,Poison,xxxxx,xxxxx,xxxxx,xxxxx,xxxxx
408,Cranidos,Rock,xxxxx,xxxxx,xxxxx,xxxxx,xxxxx,xxxxx
409,Rampardos,Rock,xxxxx,xxxxx,xxxxx,xxxxx,xxxxx,xxxxx
410,Shieldon,Rock,Steel,xxxxx,xxxxx,xxxxx,xxxxx,xxxxx
411,Bastiodon,Rock,Steel,xxxxx,xxxxx,xxxxx,xxxxx,xxxxx
412,Burmy,Bug,xxxxx,xxxxx,xxxxx,xxxxx,xxxxx,xxxxx
413,Wormadam,Bug,Grass,Ground,Steel,xxxxx,xxxxx,xxxxx
414,Mothim,Bug,Flying,xxxxx,xxxxx,xxxxx,xxxxx,xxxxx
415,Combee,Bug,Flying,xxxxx,xxxxx,xxxxx,xxxxx,xxxxx
416,Vespiquen,Bug,Flying,xxxxx,xxxxx,xxxxx,xxxxx,xxxxx
417,Pachirisu,Electric,xxxxx,xxxxx,xxxxx,xxxxx,xxxxx,xxxxx
418,Buizel,Water,xxxxx,xxxxx,xxxxx,xxxxx,xxxxx,xxxxx
419,Floatzel,Water,xxxxx,xxxxx,xxxxx,xxxxx,xxxxx,xxxxx
420,Cherubi,Grass,xxxxx,xxxxx,xxxxx,xxxxx,xxxxx,xxxxx
421,Cherrim,Grass,xxxxx,xxxxx,xxxxx,xxxxx,xxxxx,xxxxx
422,Shellos,Water,xxxxx,xxxxx,xxxxx,xxxxx,xxxxx,xxxxx
423,Gastrodon,Water,Ground,xxxxx,xxxxx,xxxxx,xxxxx,xxxxx
424,Ambipom,Normal,xxxxx,xxxxx,xxxxx,xxxxx,xxxxx,xxxxx
425,Drifloon,Ghost,Flying,xxxxx,xxxxx,xxxxx,xxxxx,xxxxx
426,Drifblim,Ghost,Flying,xxxxx,xxxxx,xxxxx,xxxxx,xxxxx
427,Buneary,Normal,xxxxx,xxxxx,xxxxx,xxxxx,xxxxx,xxxxx
428,Lopunny,Normal,xxxxx,xxxxx,xxxxx,xxxxx,xxxxx,xxxxx
429,Mismagius,Ghost,xxxxx,xxxxx,xxxxx,xxxxx,xxxxx,xxxxx
430,Honchkrow,Dark,Flying,xxxxx,xxxxx,xxxxx,xxxxx,xxxxx
431,Glameow,Normal,xxxxx,xxxxx,xxxxx,xxxxx,xxxxx,xxxxx
432,Purugly,Normal,xxxxx,xxxxx,xxxxx,xxxxx,xxxxx,xxxxx
433,Chingling,Psychic,xxxxx,xxxxx,xxxxx,xxxxx,xxxxx,xxxxx
434,Stunky,Poison,Dark,xxxxx,xxxxx,xxxxx,xxxxx,xxxxx
435,Skuntank,Poison,Dark,xxxxx,xxxxx,xxxxx,xxxxx,xxxxx
436,Bronzor,Steel,Psychic,xxxxx,xxxxx,xxxxx,xxxxx,xxxxx
437,Bronzong,Steel,Psychic,xxxxx,xxxxx,xxxxx,xxxxx,xxxxx
438,Bonsly,Rock,xxxxx,xxxxx,xxxxx,xxxxx,xxxxx,xxxxx
439,Mime Jr.,Psychic,Fairy,xxxxx,xxxxx,xxxxx,xxxxx,xxxxx
440,Happiny,Normal,xxxxx,xxxxx,xxxxx,xxxxx,xxxxx,xxxxx
441,Chatot,Normal,Flying,xxxxx,xxxxx,xxxxx,xxxxx,xxxxx
442,Spiritomb,Ghost,Dark,xxxxx,xxxxx,xxxxx,xxxxx,xxxxx
443,Gible,Dragon,Ground,xxxxx,xxxxx,xxxxx,xxxxx,xxxxx
444,Gabite,Dragon,Ground,xxxxx,xxxxx,xxxxx,xxxxx,xxxxx
445,Garchomp,Dragon,Ground,xxxxx,xxxxx,xxxxx,xxxxx,xxxxx
446,Munchlax,Normal,xxxxx,xxxxx,xxxxx,xxxxx,xxxxx,xxxxx
447,Riolu,Fighting,xxxxx,xxxxx,xxxxx,xxxxx,xxxxx,xxxxx
448,Lucario,Fighting,Steel,xxxxx,xxxxx,xxxxx,xxxxx,xxxxx
449,Hippopotas,Ground,xxxxx,xxxxx,xxxxx,xxxxx,xxxxx,xxxxx
450,Hippowdon,Ground,xxxxx,xxxxx,xxxxx,xxxxx,xxxxx,xxxxx
451,Skorupi,Poison,Bug,xxxxx,xxxxx,xxxxx,xxxxx,xxxxx
452,Drapion,Poison,Dark,xxxxx,xxxxx,xxxxx,xxxxx,xxxxx
453,Croagunk,Poison,Fighting,xxxxx,xxxxx,xxxxx,xxxxx,xxxxx
454,Toxicroak,Poison,Fighting,xxxxx,xxxxx,xxxxx,xxxxx,xxxxx
455,Carnivine,Grass,xxxxx,xxxxx,xxxxx,xxxxx,xxxxx,xxxxx
456,Finneon,Water,xxxxx,xxxxx,xxxxx,xxxxx,xxxxx,xxxxx
457,Lumineon,Water,xxxxx,xxxxx,xxxxx,xxxxx,xxxxx,xxxxx
458,Mantyke,Water,Flying,xxxxx,xxxxx,xxxxx,xxxxx,xxxxx
459,Snover,Grass,Ice,xxxxx,xxxxx,xxxxx,xxxxx,xxxxx
460,Abomasnow,Grass,Ice,xxxxx,xxxxx,xxxxx,xxxxx,xxxxx
461,Weavile,Dark,Ice,xxxxx,xxxxx,xxxxx,xxxxx,xxxxx
462,Magnezone,Electric,Steel,xxxxx,xxxxx,xxxxx,xxxxx,xxxxx
463,Lickilicky,Normal,xxxxx,xxxxx,xxxxx,xxxxx,xxxxx,xxxxx
464,Rhyperior,Ground,Rock,xxxxx,xxxxx,xxxxx,xxxxx,xxxxx
465,Tangrowth,Grass,xxxxx,xxxxx,xxxxx,xxxxx,xxxxx,xxxxx
466,Electivire,Electric,xxxxx,xxxxx,xxxxx,xxxxx,xxxxx,xxxxx
467,Magmortar,Fire,xxxxx,xxxxx,xxxxx,xxxxx,xxxxx,xxxxx
468,Togekiss,Fairy,Flying,xxxxx,xxxxx,xxxxx,xxxxx,xxxxx
469,Yanmega,Bug,Flying,xxxxx,xxxxx,xxxxx,xxxxx,xxxxx
470,Leafeon,Grass,xxxxx,xxxxx,xxxxx,xxxxx,xxxxx,xxxxx
471,Glaceon,Ice,xxxxx,xxxxx,xxxxx,xxxxx,xxxxx,xxxxx
472,Gliscor,Ground,Flying,xxxxx,xxxxx,xxxxx,xxxxx,xxxxx
473,Mamoswine,Ice,Ground,xxxxx,xxxxx,xxxxx,xxxxx,xxxxx
474,Porygon-Z,Normal,xxxxx,xxxxx,xxxxx,xxxxx,xxxxx,xxxxx
475,Gallade,Psychic,Fighting,xxxxx,xxxxx,xxxxx,xxxxx,xxxxx
476,Probopass,Rock,Steel,xxxxx,xxxxx,xxxxx,xxxxx,xxxxx
477,Dusknoir,Ghost,xxxxx,xxxxx,xxxxx,xxxxx,xxxxx,xxxxx
478,Froslass,Ice,Ghost,xxxxx,xxxxx,xxxxx,xxxxx,xxxxx
479,Rotom,Electric,Ghost,Fire,Water,Ice,Flying,Grass
480,Uxie,Psychic,xxxxx,xxxxx,xxxxx,xxxxx,xxxxx,xxxxx
481,Mesprit,Psychic,xxxxx,xxxxx,xxxxx,xxxxx,xxxxx,xxxxx
482,Azelf,Psychic,xxxxx,xxxxx,xxxxx,xxxxx,xxxxx,xxxxx
483,Dialga,Steel,Dragon,xxxxx,xxxxx,xxxxx,xxxxx,xxxxx
484,Palkia,Water,Dragon,xxxxx,xxxxx,xxxxx,xxxxx,xxxxx
485,Heatran,Fire,Steel,xxxxx,xxxxx,xxxxx,xxxxx,xxxxx
486,Regigigas,Normal,xxxxx,xxxxx,xxxxx,xxxxx,xxxxx,xxxxx
487,Giratina,Ghost,Dragon,xxxxx,xxxxx,xxxxx,xxxxx,xxxxx
488,Cresselia,Psychic,xxxxx,xxxxx,xxxxx,xxxxx,xxxxx,xxxxx
489,Phione,Water,xxxxx,xxxxx,xxxxx,xxxxx,xxxxx,xxxxx
490,Manaphy,Water,xxxxx,xxxxx,xxxxx,xxxxx,xxxxx,xxxxx
491,Darkrai,Dark,xxxxx,xxxxx,xxxxx,xxxxx,xxxxx,xxxxx
492,Shaymin,Grass,Flying,xxxxx,xxxxx,xxxxx,xxxxx,xxxxx
493,Arceus,Normal,xxxxx,xxxxx,xxxxx,xxxxx,xxxxx,xxxxx
494,Victini,Psychic,Fire,xxxxx,xxxxx,xxxxx,xxxxx,xxxxx
495,Snivy,Grass,xxxxx,xxxxx,xxxxx,xxxxx,xxxxx,xxxxx
496,Servine,Grass,xxxxx,xxxxx,xxxxx,xxxxx,xxxxx,xxxxx
497,Serperior,Grass,xxxxx,xxxxx,xxxxx,xxxxx,xxxxx,xxxxx
498,Tepig,Fire,xxxxx,xxxxx,xxxxx,xxxxx,xxxxx,xxxxx
499,Pignite,Fire,Fighting,xxxxx,xxxxx,xxxxx,xxxxx,xxxxx
500,Emboar,Fire,Fighting,xxxxx,xxxxx,xxxxx,xxxxx,xxxxx
501,Oshawott,Water,xxxxx,xxxxx,xxxxx,xxxxx,xxxxx,xxxxx
502,Dewott,Water,xxxxx,xxxxx,xxxxx,xxxxx,xxxxx,xxxxx
503,Samurott,Water,xxxxx,xxxxx,xxxxx,xxxxx,xxxxx,xxxxx
504,Patrat,Normal,xxxxx,xxxxx,xxxxx,xxxxx,xxxxx,xxxxx
505,Watchog,Normal,xxxxx,xxxxx,xxxxx,xxxxx,xxxxx,xxxxx
506,Lillipup,Normal,xxxxx,xxxxx,xxxxx,xxxxx,xxxxx,xxxxx
507,Herdier,Normal,xxxxx,xxxxx,xxxxx,xxxxx,xxxxx,xxxxx
508,Stoutland,Normal,xxxxx,xxxxx,xxxxx,xxxxx,xxxxx,xxxxx
509,Purrloin,Dark,xxxxx,xxxxx,xxxxx,xxxxx,xxxxx,xxxxx
510,Liepard,Dark,xxxxx,xxxxx,xxxxx,xxxxx,xxxxx,xxxxx
511,Pansage,Grass,xxxxx,xxxxx,xxxxx,xxxxx,xxxxx,xxxxx
512,Simisage,Grass,xxxxx,xxxxx,xxxxx,xxxxx,xxxxx,xxxxx
513,Pansear,Fire,xxxxx,xxxxx,xxxxx,xxxxx,xxxxx,xxxxx
514,Simisear,Fire,xxxxx,xxxxx,xxxxx,xxxxx,xxxxx,xxxxx
515,Panpour,Water,xxxxx,xxxxx,xxxxx,xxxxx,xxxxx,xxxxx
516,Simipour,Water,xxxxx,xxxxx,xxxxx,xxxxx,xxxxx,xxxxx
517,Munna,Psychic,xxxxx,xxxxx,xxxxx,xxxxx,xxxxx,xxxxx
518,Musharna,Psychic,xxxxx,xxxxx,xxxxx,xxxxx,xxxxx,xxxxx
519,Pidove,Normal,Flying,xxxxx,xxxxx,xxxxx,xxxxx,xxxxx
520,Tranquill,Normal,Flying,xxxxx,xxxxx,xxxxx,xxxxx,xxxxx
521,Unfezant,Normal,Flying,xxxxx,xxxxx,xxxxx,xxxxx,xxxxx
522,Blitzle,Electric,xxxxx,xxxxx,xxxxx,xxxxx,xxxxx,xxxxx
523,Zebstrika,Electric,xxxxx,xxxxx,xxxxx,xxxxx,xxxxx,xxxxx
524,Roggenrola,Rock,xxxxx,xxxxx,xxxxx,xxxxx,xxxxx,xxxxx
525,Boldore,Rock,xxxxx,xxxxx,xxxxx,xxxxx,xxxxx,xxxxx
526,Gigalith,Rock,xxxxx,xxxxx,xxxxx,xxxxx,xxxxx,xxxxx
527,Woobat,Psychic,Flying,xxxxx,xxxxx,xxxxx,xxxxx,xxxxx
528,Swoobat,Psychic,Flying,xxxxx,xxxxx,xxxxx,xxxxx,xxxxx
529,Drilbur,Ground,xxxxx,xxxxx,xxxxx,xxxxx,xxxxx,xxxxx
530,Excadrill,Ground,Steel,xxxxx,xxxxx,xxxxx,xxxxx,xxxxx
531,Audino,Normal,xxxxx,xxxxx,xxxxx,xxxxx,xxxxx,xxxxx
532,Timburr,Fighting,xxxxx,xxxxx,xxxxx,xxxxx,xxxxx,xxxxx
533,Gurdurr,Fighting,xxxxx,xxxxx,xxxxx,xxxxx,xxxxx,xxxxx
534,Conkeldurr,Fighting,xxxxx,xxxxx,xxxxx,xxxxx,xxxxx,xxxxx
535,Tympole,Water,xxxxx,xxxxx,xxxxx,xxxxx,xxxxx,xxxxx
536,Palpitoad,Water,Ground,xxxxx,xxxxx,xxxxx,xxxxx,xxxxx
537,Seismitoad,Water,Ground,xxxxx,xxxxx,xxxxx,xxxxx,xxxxx
538,Throh,Fighting,xxxxx,xxxxx,xxxxx,xxxxx,xxxxx,xxxxx
539,Sawk,Fighting,xxxxx,xxxxx,xxxxx,xxxxx,xxxxx,xxxxx
540,Sewaddle,Bug,Grass,xxxxx,xxxxx,xxxxx,xxxxx,xxxxx
541,Swadloon,Bug,Grass,xxxxx,xxxxx,xxxxx,xxxxx,xxxxx
542,Leavanny,Bug,Grass,xxxxx,xxxxx,xxxxx,xxxxx,xxxxx
543,Venipede,Bug,Poison,xxxxx,xxxxx,xxxxx,xxxxx,xxxxx
544,Whirlipede,Bug,Poison,xxxxx,xxxxx,xxxxx,xxxxx,xxxxx
545,Scolipede,Bug,Poison,xxxxx,xxxxx,xxxxx,xxxxx,xxxxx
546,Cottonee,Grass,Fairy,xxxxx,xxxxx,xxxxx,xxxxx,xxxxx
547,Whimsicott,Grass,Fairy,xxxxx,xxxxx,xxxxx,xxxxx,xxxxx
548,Petilil,Grass,xxxxx,xxxxx,xxxxx,xxxxx,xxxxx,xxxxx
549,Lilligant,Grass,xxxxx,xxxxx,xxxxx,xxxxx,xxxxx,xxxxx
550,Basculin,Water,xxxxx,xxxxx,xxxxx,xxxxx,xxxxx,xxxxx
551,Sandile,Ground,Dark,xxxxx,xxxxx,xxxxx,xxxxx,xxxxx
552,Krokorok,Ground,Dark,xxxxx,xxxxx,xxxxx,xxxxx,xxxxx
553,Krookodile,Ground,Dark,xxxxx,xxxxx,xxxxx,xxxxx,xxxxx
554,Darumaka,Fire,xxxxx,xxxxx,xxxxx,xxxxx,xxxxx,xxxxx
555,Darmanitan,Fire,Psychic,xxxxx,xxxxx,xxxxx,xxxxx,xxxxx
556,Maractus,Grass,xxxxx,xxxxx,xxxxx,xxxxx,xxxxx,xxxxx
557,Dwebble,Bug,Rock,xxxxx,xxxxx,xxxxx,xxxxx,xxxxx
558,Crustle,Bug,Rock,xxxxx,xxxxx,xxxxx,xxxxx,xxxxx
559,Scraggy,Dark,Fighting,xxxxx,xxxxx,xxxxx,xxxxx,xxxxx
560,Scrafty,Dark,Fighting,xxxxx,xxxxx,xxxxx,xxxxx,xxxxx
561,Sigilyph,Psychic,Flying,xxxxx,xxxxx,xxxxx,xxxxx,xxxxx
562,Yamask,Ghost,xxxxx,xxxxx,xxxxx,xxxxx,xxxxx,xxxxx
563,Cofagrigus,Ghost,xxxxx,xxxxx,xxxxx,xxxxx,xxxxx,xxxxx
564,Tirtouga,Water,Rock,xxxxx,xxxxx,xxxxx,xxxxx,xxxxx
565,Carracosta,Water,Rock,xxxxx,xxxxx,xxxxx,xxxxx,xxxxx
566,Archen,Rock,Flying,xxxxx,xxxxx,xxxxx,xxxxx,xxxxx
567,Archeops,Rock,Flying,xxxxx,xxxxx,xxxxx,xxxxx,xxxxx
568,Trubbish,Poison,xxxxx,xxxxx,xxxxx,xxxxx,xxxxx,xxxxx
569,Garbodor,Poison,xxxxx,xxxxx,xxxxx,xxxxx,xxxxx,xxxxx
570,Zorua,Dark,xxxxx,xxxxx,xxxxx,xxxxx,xxxxx,xxxxx
571,Zoroark,Dark,xxxxx,xxxxx,xxxxx,xxxxx,xxxxx,xxxxx
572,Minccino,Normal,xxxxx,xxxxx,xxxxx,xxxxx,xxxxx,xxxxx
573,Cinccino,Normal,xxxxx,xxxxx,xxxxx,xxxxx,xxxxx,xxxxx
574,Gothita,Psychic,xxxxx,xxxxx,xxxxx,xxxxx,xxxxx,xxxxx
575,Gothorita,Psychic,xxxxx,xxxxx,xxxxx,xxxxx,xxxxx,xxxxx
576,Gothitelle,Psychic,xxxxx,xxxxx,xxxxx,xxxxx,xxxxx,xxxxx
577,Solosis,Psychic,xxxxx,xxxxx,xxxxx,xxxxx,xxxxx,xxxxx
578,Duosion,Psychic,xxxxx,xxxxx,xxxxx,xxxxx,xxxxx,xxxxx
579,Reuniclus,Psychic,xxxxx,xxxxx,xxxxx,xxxxx,xxxxx,xxxxx
580,Ducklett,Water,Flying,xxxxx,xxxxx,xxxxx,xxxxx,xxxxx
581,Swanna,Water,Flying,xxxxx,xxxxx,xxxxx,xxxxx,xxxxx
582,Vanillite,Ice,xxxxx,xxxxx,xxxxx,xxxxx,xxxxx,xxxxx
583,Vanillish,Ice,xxxxx,xxxxx,xxxxx,xxxxx,xxxxx,xxxxx
584,Vanilluxe,Ice,xxxxx,xxxxx,xxxxx,xxxxx,xxxxx,xxxxx
585,Deerling,Normal,Grass,xxxxx,xxxxx,xxxxx,xxxxx,xxxxx
586,Sawsbuck,Normal,Grass,xxxxx,xxxxx,xxxxx,xxxxx,xxxxx
587,Emolga,Electric,Flying,xxxxx,xxxxx,xxxxx,xxxxx,xxxxx
588,Karrablast,Bug,xxxxx,xxxxx,xxxxx,xxxxx,xxxxx,xxxxx
589,Escavalier,Bug,Steel,xxxxx,xxxxx,xxxxx,xxxxx,xxxxx
590,Foongus,Grass,Poison,xxxxx,xxxxx,xxxxx,xxxxx,xxxxx
591,Amoonguss,Grass,Poison,xxxxx,xxxxx,xxxxx,xxxxx,xxxxx
592,Frillish,Water,Ghost,xxxxx,xxxxx,xxxxx,xxxxx,xxxxx
593,Jellicent,Water,Ghost,xxxxx,xxxxx,xxxxx,xxxxx,xxxxx
594,Alomomola,Water,xxxxx,xxxxx,xxxxx,xxxxx,xxxxx,xxxxx
595,Joltik,Bug,Electric,xxxxx,xxxxx,xxxxx,xxxxx,xxxxx
596,Galvantula,Bug,Electric,xxxxx,xxxxx,xxxxx,xxxxx,xxxxx
597,Ferroseed,Grass,Steel,xxxxx,xxxxx,xxxxx,xxxxx,xxxxx
598,Ferrothorn,Grass,Steel,xxxxx,xxxxx,xxxxx,xxxxx,xxxxx
599,Klink,Steel,xxxxx,xxxxx,xxxxx,xxxxx,xxxxx,xxxxx
600,Klang,Steel,xxxxx,xxxxx,xxxxx,xxxxx,xxxxx,xxxxx
601,Klinklang,Steel,xxxxx,xxxxx,xxxxx,xxxxx,xxxxx,xxxxx
602,Tynamo,Electric,xxxxx,xxxxx,xxxxx,xxxxx,xxxxx,xxxxx
603,Eelektrik,Electric,xxxxx,xxxxx,xxxxx,xxxxx,xxxxx,xxxxx
604,Eelektross,Electric,xxxxx,xxxxx,xxxxx,xxxxx,xxxxx,xxxxx
605,Elgyem,Psychic,xxxxx,xxxxx,xxxxx,xxxxx,xxxxx,xxxxx
606,Beheeyem,Psychic,xxxxx,xxxxx,xxxxx,xxxxx,xxxxx,xxxxx
607,Litwick,Ghost,Fire,xxxxx,xxxxx,xxxxx,xxxxx,xxxxx
608,Lampent,Ghost,Fire,xxxxx,xxxxx,xxxxx,xxxxx,xxxxx
609,Chandelure,Ghost,Fire,xxxxx,xxxxx,xxxxx,xxxxx,xxxxx
610,Axew,Dragon,xxxxx,xxxxx,xxxxx,xxxxx,xxxxx,xxxxx
611,Fraxure,Dragon,xxxxx,xxxxx,xxxxx,xxxxx,xxxxx,xxxxx
612,Haxorus,Dragon,xxxxx,xxxxx,xxxxx,xxxxx,xxxxx,xxxxx
613,Cubchoo,Ice,xxxxx,xxxxx,xxxxx,xxxxx,xxxxx,xxxxx
614,Beartic,Ice,xxxxx,xxxxx,xxxxx,xxxxx,xxxxx,xxxxx
615,Cryogonal,Ice,xxxxx,xxxxx,xxxxx,xxxxx,xxxxx,xxxxx
616,Shelmet,Bug,xxxxx,xxxxx,xxxxx,xxxxx,xxxxx,xxxxx
617,Accelgor,Bug,xxxxx,xxxxx,xxxxx,xxxxx,xxxxx,xxxxx
618,Stunfisk,Ground,Electric,xxxxx,xxxxx,xxxxx,xxxxx,xxxxx
619,Mienfoo,Fighting,xxxxx,xxxxx,xxxxx,xxxxx,xxxxx,xxxxx
620,Mienshao,Fighting,xxxxx,xxxxx,xxxxx,xxxxx,xxxxx,xxxxx
621,Druddigon,Dragon,xxxxx,xxxxx,xxxxx,xxxxx,xxxxx,xxxxx
622,Golett,Ground,Ghost,xxxxx,xxxxx,xxxxx,xxxxx,xxxxx
623,Golurk,Ground,Ghost,xxxxx,xxxxx,xxxxx,xxxxx,xxxxx
624,Pawniard,Dark,Steel,xxxxx,xxxxx,xxxxx,xxxxx,xxxxx
625,Bisharp,Dark,Steel,xxxxx,xxxxx,xxxxx,xxxxx,xxxxx
626,Bouffalant,Normal,xxxxx,xxxxx,xxxxx,xxxxx,xxxxx,xxxxx
627,Rufflet,Normal,Flying,xxxxx,xxxxx,xxxxx,xxxxx,xxxxx
628,Braviary,Normal,Flying,xxxxx,xxxxx,xxxxx,xxxxx,xxxxx
629,Vullaby,Dark,Flying,xxxxx,xxxxx,xxxxx,xxxxx,xxxxx
630,Mandibuzz,Dark,Flying,xxxxx,xxxxx,xxxxx,xxxxx,xxxxx
631,Heatmor,Fire,xxxxx,xxxxx,xxxxx,xxxxx,xxxxx,xxxxx
632,Durant,Bug,Steel,xxxxx,xxxxx,xxxxx,xxxxx,xxxxx
633,Deino,Dark,Dragon,xxxxx,xxxxx,xxxxx,xxxxx,xxxxx
634,Zweilous,Dark,Dragon,xxxxx,xxxxx,xxxxx,xxxxx,xxxxx
635,Hydreigon,Dark,Dragon,xxxxx,xxxxx,xxxxx,xxxxx,xxxxx
636,Larvesta,Bug,Fire,xxxxx,xxxxx,xxxxx,xxxxx,xxxxx
637,Volcarona,Bug,Fire,xxxxx,xxxxx,xxxxx,xxxxx,xxxxx
638,Cobalion,Steel,Fighting,xxxxx,xxxxx,xxxxx,xxxxx,xxxxx
639,Terrakion,Rock,Fighting,xxxxx,xxxxx,xxxxx,xxxxx,xxxxx
640,Virizion,Grass,Fighting,xxxxx,xxxxx,xxxxx,xxxxx,xxxxx
641,Tornadus,Flying,xxxxx,xxxxx,xxxxx,xxxxx,xxxxx,xxxxx
642,Thundurus,Electric,Flying,xxxxx,xxxxx,xxxxx,xxxxx,xxxxx
643,Reshiram,Dragon,Fire,xxxxx,xxxxx,xxxxx,xxxxx,xxxxx
644,Zekrom,Dragon,Electric,xxxxx,xxxxx,xxxxx,xxxxx,xxxxx
645,Landorus,Ground,Flying,xxxxx,xxxxx,xxxxx,xxxxx,xxxxx
646,Kyurem,Dragon,Ice,xxxxx,xxxxx,xxxxx,xxxxx,xxxxx
647,Keldeo,Water,Fighting,xxxxx,xxxxx,xxxxx,xxxxx,xxxxx
648,Meloetta,Normal,Psychic,Fighting,xxxxx,xxxxx,xxxxx,xxxxx
649,Genesect,Bug,Steel,xxxxx,xxxxx,xxxxx,xxxxx,xxxxx
650,Chespin,Grass,xxxxx,xxxxx,xxxxx,xxxxx,xxxxx,xxxxx
651,Quilladin,Grass,xxxxx,xxxxx,xxxxx,xxxxx,xxxxx,xxxxx
652,Chesnaught,Grass,Fighting,xxxxx,xxxxx,xxxxx,xxxxx,xxxxx
653,Fennekin,Fire,xxxxx,xxxxx,xxxxx,xxxxx,xxxxx,xxxxx
654,Braixen,Fire,xxxxx,xxxxx,xxxxx,xxxxx,xxxxx,xxxxx
655,Delphox,Fire,Psychic,xxxxx,xxxxx,xxxxx,xxxxx,xxxxx
656,Froakie,Water,xxxxx,xxxxx,xxxxx,xxxxx,xxxxx,xxxxx
657,Frogadier,Water,xxxxx,xxxxx,xxxxx,xxxxx,xxxxx,xxxxx
658,Greninja,Water,Dark,xxxxx,xxxxx,xxxxx,xxxxx,xxxxx
659,Bunnelby,Normal,xxxxx,xxxxx,xxxxx,xxxxx,xxxxx,xxxxx
660,Diggersby,Normal,Ground,xxxxx,xxxxx,xxxxx,xxxxx,xxxxx
661,Fletchling,Normal,Flying,xxxxx,xxxxx,xxxxx,xxxxx,xxxxx
662,Fletchinder,Fire,Flying,xxxxx,xxxxx,xxxxx,xxxxx,xxxxx
663,Talonflame,Fire,Flying,xxxxx,xxxxx,xxxxx,xxxxx,xxxxx
664,Scatterbug,Bug,xxxxx,xxxxx,xxxxx,xxxxx,xxxxx,xxxxx
665,Spewpa,Bug,xxxxx,xxxxx,xxxxx,xxxxx,xxxxx,xxxxx
666,Vivillon,Bug,Flying,xxxxx,xxxxx,xxxxx,xxxxx,xxxxx
667,Litleo,Fire,Normal,xxxxx,xxxxx,xxxxx,xxxxx,xxxxx
668,Pyroar,Fire,Normal,xxxxx,xxxxx,xxxxx,xxxxx,xxxxx
669,Flabébé,Fairy,xxxxx,xxxxx,xxxxx,xxxxx,xxxxx,xxxxx
670,Floette,Fairy,xxxxx,xxxxx,xxxxx,xxxxx,xxxxx,xxxxx
671,Florges,Fairy,xxxxx,xxxxx,xxxxx,xxxxx,xxxxx,xxxxx
672,Skiddo,Grass,xxxxx,xxxxx,xxxxx,xxxxx,xxxxx,xxxxx
673,Gogoat,Grass,xxxxx,xxxxx,xxxxx,xxxxx,xxxxx,xxxxx
674,Pancham,Fighting,xxxxx,xxxxx,xxxxx,xxxxx,xxxxx,xxxxx
675,Pangoro,Fighting,Dark,xxxxx,xxxxx,xxxxx,xxxxx,xxxxx
676,Furfrou,Normal,xxxxx,xxxxx,xxxxx,xxxxx,xxxxx,xxxxx
677,Espurr,Psychic,xxxxx,xxxxx,xxxxx,xxxxx,xxxxx,xxxxx
678,Meowstic,Psychic,xxxxx,xxxxx,xxxxx,xxxxx,xxxxx,xxxxx
679,Honedge,Steel,Ghost,xxxxx,xxxxx,xxxxx,xxxxx,xxxxx
680,Doublade,Steel,Ghost,xxxxx,xxxxx,xxxxx,xxxxx,xxxxx
681,Aegislash,Steel,Ghost,xxxxx,xxxxx,xxxxx,xxxxx,xxxxx
682,Spritzee,Fairy,xxxxx,xxxxx,xxxxx,xxxxx,xxxxx,xxxxx
683,Aromatisse,Fairy,xxxxx,xxxxx,xxxxx,xxxxx,xxxxx,xxxxx
684,Swirlix,Fairy,xxxxx,xxxxx,xxxxx,xxxxx,xxxxx,xxxxx
685,Slurpuff,Fairy,xxxxx,xxxxx,xxxxx,xxxxx,xxxxx,xxxxx
686,Inkay,Dark,Psychic,xxxxx,xxxxx,xxxxx,xxxxx,xxxxx
687,Malamar,Dark,Psychic,xxxxx,xxxxx,xxxxx,xxxxx,xxxxx
688,Binacle,Rock,Water,xxxxx,xxxxx,xxxxx,xxxxx,xxxxx
689,Barbaracle,Rock,Water,xxxxx,xxxxx,xxxxx,xxxxx,xxxxx
690,Skrelp,Poison,Water,xxxxx,xxxxx,xxxxx,xxxxx,xxxxx
691,Dragalge,Poison,Dragon,xxxxx,xxxxx,xxxxx,xxxxx,xxxxx
692,Clauncher,Water,xxxxx,xxxxx,xxxxx,xxxxx,xxxxx,xxxxx
693,Clawitzer,Water,xxxxx,xxxxx,xxxxx,xxxxx,xxxxx,xxxxx
694,Helioptile,Electric,Normal,xxxxx,xxxxx,xxxxx,xxxxx,xxxxx
695,Heliolisk,Electric,Normal,xxxxx,xxxxx,xxxxx,xxxxx,xxxxx
696,Tyrunt,Rock,Dragon,xxxxx,xxxxx,xxxxx,xxxxx,xxxxx
697,Tyrantrum,Rock,Dragon,xxxxx,xxxxx,xxxxx,xxxxx,xxxxx
698,Amaura,Rock,Ice,xxxxx,xxxxx,xxxxx,xxxxx,xxxxx
699,Aurorus,Rock,Ice,xxxxx,xxxxx,xxxxx,xxxxx,xxxxx
700,Sylveon,Fairy,xxxxx,xxxxx,xxxxx,xxxxx,xxxxx,xxxxx
701,Hawlucha,Fighting,Flying,xxxxx,xxxxx,xxxxx,xxxxx,xxxxx
702,Dedenne,Electric,Fairy,xxxxx,xxxxx,xxxxx,xxxxx,xxxxx
703,Carbink,Rock,Fairy,xxxxx,xxxxx,xxxxx,xxxxx,xxxxx
704,Goomy,Dragon,xxxxx,xxxxx,xxxxx,xxxxx,xxxxx,xxxxx
705,Sliggoo,Dragon,xxxxx,xxxxx,xxxxx,xxxxx,xxxxx,xxxxx
706,Goodra,Dragon,xxxxx,xxxxx,xxxxx,xxxxx,xxxxx,xxxxx
707,Klefki,Steel,Fairy,xxxxx,xxxxx,xxxxx,xxxxx,xxxxx
708,Phantump,Ghost,Grass,xxxxx,xxxxx,xxxxx,xxxxx,xxxxx
709,Trevenant,Ghost,Grass,xxxxx,xxxxx,xxxxx,xxxxx,xxxxx
710,Pumpkaboo,Ghost,Grass,xxxxx,xxxxx,xxxxx,xxxxx,xxxxx
711,Gourgeist,Ghost,Grass,xxxxx,xxxxx,xxxxx,xxxxx,xxxxx
712,Bergmite,Ice,xxxxx,xxxxx,xxxxx,xxxxx,xxxxx,xxxxx
713,Avalugg,Ice,xxxxx,xxxxx,xxxxx,xxxxx,xxxxx,xxxxx
714,Noibat,Flying,Dragon,xxxxx,xxxxx,xxxxx,xxxxx,xxxxx
715,Noivern,Flying,Dragon,xxxxx,xxxxx,xxxxx,xxxxx,xxxxx
716,Xerneas,Fairy,xxxxx,xxxxx,xxxxx,xxxxx,xxxxx,xxxxx
717,Yveltal,Dark,Flying,xxxxx,xxxxx,xxxxx,xxxxx,xxxxx
718,Zygarde,Dragon,Ground,xxxxx,xxxxx,xxxxx,xxxxx,xxxxx
719,Diancie,Rock,Fairy,xxxxx,xxxxx,xxxxx,xxxxx,xxxxx
720,Hoopa,Psychic,Ghost,Dark,xxxxx,xxxxx,xxxxx,xxxxx
721,Volcanion,Fire,Water,xxxxx,xxxxx,xxxxx,xxxxx,xxxxx
722,Rowlet,Grass,Flying,xxxxx,xxxxx,xxxxx,xxxxx,xxxxx
723,Dartrix,Grass,Flying,xxxxx,xxxxx,xxxxx,xxxxx,xxxxx
724,Decidueye,Grass,Ghost,xxxxx,xxxxx,xxxxx,xxxxx,xxxxx
725,Litten,Fire,xxxxx,xxxxx,xxxxx,xxxxx,xxxxx,xxxxx
726,Torracat,Fire,xxxxx,xxxxx,xxxxx,xxxxx,xxxxx,xxxxx
727,Incineroar,Fire,Dark,xxxxx,xxxxx,xxxxx,xxxxx,xxxxx
728,Popplio,Water,xxxxx,xxxxx,xxxxx,xxxxx,xxxxx,xxxxx
729,Brionne,Water,xxxxx,xxxxx,xxxxx,xxxxx,xxxxx,xxxxx
730,Primarina,Water,Fairy,xxxxx,xxxxx,xxxxx,xxxxx,xxxxx
731,Pikipek,Normal,Flying,xxxxx,xxxxx,xxxxx,xxxxx,xxxxx
732,Trumbeak,Normal,Flying,xxxxx,xxxxx,xxxxx,xxxxx,xxxxx
733,Toucannon,Normal,Flying,xxxxx,xxxxx,xxxxx,xxxxx,xxxxx
734,Yungoos,Normal,xxxxx,xxxxx,xxxxx,xxxxx,xxxxx,xxxxx
735,Gumshoos,Normal,xxxxx,xxxxx,xxxxx,xxxxx,xxxxx,xxxxx
736,Grubbin,Bug,xxxxx,xxxxx,xxxxx,xxxxx,xxxxx,xxxxx
737,Charjabug,Bug,Electric,xxxxx,xxxxx,xxxxx,xxxxx,xxxxx
738,Vikavolt,Bug,Electric,xxxxx,xxxxx,xxxxx,xxxxx,xxxxx
739,Crabrawler,Fighting,xxxxx,xxxxx,xxxxx,xxxxx,xxxxx,xxxxx
740,Crabominable,Fighting,Ice,xxxxx,xxxxx,xxxxx,xxxxx,xxxxx
741,Oricorio,Flying,Fire,Electric,Psychic,Ghost,xxxxx,xxxxx
742,Cutiefly,Bug,Fairy,xxxxx,xxxxx,xxxxx,xxxxx,xxxxx
743,Ribombee,Bug,Fairy,xxxxx,xxxxx,xxxxx,xxxxx,xxxxx
744,Rockruff,Rock,xxxxx,xxxxx,xxxxx,xxxxx,xxxxx,xxxxx
745,Lycanroc,Rock,xxxxx,xxxxx,xxxxx,xxxxx,xxxxx,xxxxx
746,Wishiwashi,Water,xxxxx,xxxxx,xxxxx,xxxxx,xxxxx,xxxxx
747,Mareanie,Poison,Water,xxxxx,xxxxx,xxxxx,xxxxx,xxxxx
748,Toxapex,Poison,Water,xxxxx,xxxxx,xxxxx,xxxxx,xxxxx
749,Mudbray,Ground,xxxxx,xxxxx,xxxxx,xxxxx,xxxxx,xxxxx
750,Mudsdale,Ground,xxxxx,xxxxx,xxxxx,xxxxx,xxxxx,xxxxx
751,Dewpider,Water,Bug,xxxxx,xxxxx,xxxxx,xxxxx,xxxxx
752,Araquanid,Water,Bug,xxxxx,xxxxx,xxxxx,xxxxx,xxxxx
753,Fomantis,Grass,xxxxx,xxxxx,xxxxx,xxxxx,xxxxx,xxxxx
754,Lurantis,Grass,xxxxx,xxxxx,xxxxx,xxxxx,xxxxx,xxxxx
755,Morelull,Grass,Fairy,xxxxx,xxxxx,xxxxx,xxxxx,xxxxx
756,Shiinotic,Grass,Fairy,xxxxx,xxxxx,xxxxx,xxxxx,xxxxx
757,Salandit,Poison,Fire,xxxxx,xxxxx,xxxxx,xxxxx,xxxxx
758,Salazzle,Poison,Fire,xxxxx,xxxxx,xxxxx,xxxxx,xxxxx
759,Stufful,Normal,Fighting,xxxxx,xxxxx,xxxxx,xxxxx,xxxxx
760,Bewear,Normal,Fighting,xxxxx,xxxxx,xxxxx,xxxxx,xxxxx
761,Bounsweet,Grass,xxxxx,xxxxx,xxxxx,xxxxx,xxxxx,xxxxx
762,Steenee,Grass,xxxxx,xxxxx,xxxxx,xxxxx,xxxxx,xxxxx
763,Tsareena,Grass,xxxxx,xxxxx,xxxxx,xxxxx,xxxxx,xxxxx
764,Comfey,Fairy,xxxxx,xxxxx,xxxxx,xxxxx,xxxxx,xxxxx
765,Oranguru,Normal,Psychic,xxxxx,xxxxx,xxxxx,xxxxx,xxxxx
766,Passimian,Fighting,xxxxx,xxxxx,xxxxx,xxxxx,xxxxx,xxxxx
767,Wimpod,Bug,Water,xxxxx,xxxxx,xxxxx,xxxxx,xxxxx
768,Golisopod,Bug,Water,xxxxx,xxxxx,xxxxx,xxxxx,xxxxx
769,Sandygast,Ghost,Ground,xxxxx,xxxxx,xxxxx,xxxxx,xxxxx
770,Palossand,Ghost,Ground,xxxxx,xxxxx,xxxxx,xxxxx,xxxxx
771,Pyukumuku,Water,xxxxx,xxxxx,xxxxx,xxxxx,xxxxx,xxxxx
772,Type Null,Normal,xxxxx,xxxxx,xxxxx,xxxxx,xxxxx,xxxxx
773,Silvally,Normal,xxxxx,xxxxx,xxxxx,xxxxx,xxxxx,xxxxx
774,Minior,Rock,Flying,xxxxx,xxxxx,xxxxx,xxxxx,xxxxx
775,Komala,Normal,xxxxx,xxxxx,xxxxx,xxxxx,xxxxx,xxxxx
776,Turtonator,Fire,Dragon,xxxxx,xxxxx,xxxxx,xxxxx,xxxxx
777,Togedemaru,Electric,Steel,xxxxx,xxxxx,xxxxx,xxxxx,xxxxx
778,Mimikyu,Ghost,Fairy,xxxxx,xxxxx,xxxxx,xxxxx,xxxxx
779,Bruxish,Water,Psychic,xxxxx,xxxxx,xxxxx,xxxxx,xxxxx
780,Drampa,Normal,Dragon,xxxxx,xxxxx,xxxxx,xxxxx,xxxxx
781,Dhelmise,Ghost,Grass,xxxxx,xxxxx,xxxxx,xxxxx,xxxxx
782,Jangmo-o,Dragon,xxxxx,xxxxx,xxxxx,xxxxx,xxxxx,xxxxx
783,Hakamo-o,Dragon,Fighting,xxxxx,xxxxx,xxxxx,xxxxx,xxxxx
784,Kommo-o,Dragon,Fighting,xxxxx,xxxxx,xxxxx,xxxxx,xxxxx
785,Tapu Koko,Electric,Fairy,xxxxx,xxxxx,xxxxx,xxxxx,xxxxx
786,Tapu Lele,Psychic,Fairy,xxxxx,xxxxx,xxxxx,xxxxx,xxxxx
787,Tapu Bulu,Grass,Fairy,xxxxx,xxxxx,xxxxx,xxxxx,xxxxx
788,Tapu Fini,Water,Fairy,xxxxx,xxxxx,xxxxx,xxxxx,xxxxx
789,Cosmog,Psychic,xxxxx,xxxxx,xxxxx,xxxxx,xxxxx,xxxxx
790,Cosmoem,Psychic,xxxxx,xxxxx,xxxxx,xxxxx,xxxxx,xxxxx
791,Solgaleo,Psychic,Steel,xxxxx,xxxxx,xxxxx,xxxxx,xxxxx
792,Lunala,Psychic,Ghost,xxxxx,xxxxx,xxxxx,xxxxx,xxxxx
793,Nihilego,Rock,Poison,xxxxx,xxxxx,xxxxx,xxxxx,xxxxx
794,Buzzwole,Bug,Fighting,xxxxx,xxxxx,xxxxx,xxxxx,xxxxx
795,Pheromosa,Bug,Fighting,xxxxx,xxxxx,xxxxx,xxxxx,xxxxx
796,Xurkitree,Electric,xxxxx,xxxxx,xxxxx,xxxxx,xxxxx,xxxxx
797,Celesteela,Steel,Flying,xxxxx,xxxxx,xxxxx,xxxxx,xxxxx
798,Kartana,Grass,Steel,xxxxx,xxxxx,xxxxx,xxxxx,xxxxx
799,Guzzlord,Dark,Dragon,xxxxx,xxxxx,xxxxx,xxxxx,xxxxx
800,Necrozma,Psychic,xxxxx,xxxxx,xxxxx,xxxxx,xxxxx,xxxxx
801,Magearna,Steel,Fairy,xxxxx,xxxxx,xxxxx,xxxxx,xxxxx
802,Marshadow,Fighting,Ghost,xxxxx,xxxxx,xxxxx,xxxxx,xxxxx
803,Poipole,Poison,xxxxx,xxxxx,xxxxx,xxxxx,xxxxx,xxxxx
804,Naganadel,Poison,Dragon,xxxxx,xxxxx,xxxxx,xxxxx,xxxxx
805,Stakataka,Rock,Steel,xxxxx,xxxxx,xxxxx,xxxxx,xxxxx
806,Blacephalon,Fire,Ghost,xxxxx,xxxxx,xxxxx,xxxxx,xxxxx
807,Zeraora,Electric,xxxxx,xxxxx,xxxxx,xxxxx,xxxxx,xxxxx
808,Meltan,Steel,xxxxx,xxxxx,xxxxx,xxxxx,xxxxx,xxxxx
809,Melmetal,Steel,xxxxx,xxxxx,xxxxx,xxxxx,xxxxx,xxxxx